40°59′08″N,40.98543702,87°41′34″W,-87.69264011
40°05′22″N,40.08949866,80°03′36″W,-80.05997586
40°08′56″N,40.14883438,82°44′05″W,-82.73460049
25°55′19″N,25.92206096,90°25′59″W,-90.43305827
26°14′14″N,26.23710759,111°30′08″W,-111.50217173
45°14′58″N,45.24953622,89°30′41″W,-89.51144877
37°27′44″N,37.46212779,71°55′02″W,-71.9172499
34°56′32″N,34.94221893,104°26′48″W,-104.44655013
42°44′43″N,42.74524898,67°23′11″W,-67.3864942
35°07′14″N,35.12051274,84°08′49″W,-84.1469782
33°35′44″N,33.59569,121°39′00″W,-121.64991781
38°28′45″N,38.47909572,120°41′24″W,-120.68991869
42°47′17″N,42.78803718,97°44′02″W,-97.73391804
39°46′48″N,39.77997115,73°39′40″W,-73.66098625
32°09′18″N,32.15510174,103°22′45″W,-103.37910109
39°40′11″N,39.66985081,122°11′22″W,-122.18943241
33°33′32″N,33.55899779,92°34′03″W,-92.56749457
29°39′03″N,29.65091936,107°40′30″W,-107.674884
37°33′01″N,37.55014613,111°25′36″W,-111.42664335
38°16′35″N,38.27649306,85°14′44″W,-85.24556892
30°11′00″N,30.18321029,119°30′21″W,-119.50582019
45°12′04″N,45.20109959,85°01′36″W,-85.02680538
47°30′08″N,47.50223242,84°17′15″W,-84.28746385
38°43′32″N,38.72547884,72°28′54″W,-72.48170954
27°43′44″N,27.72899744,86°03′36″W,-86.05987845
29°13′50″N,29.23062424,91°06′43″W,-91.11201033
26°40′17″N,26.67144687,86°35′18″W,-86.58826819
28°13′47″N,28.2297266,71°41′40″W,-71.69432177
35°29′37″N,35.49358205,75°01′59″W,-75.03301852
26°58′47″N,26.97962699,117°27′29″W,-117.45813361
46°05′53″N,46.09805439,113°06′08″W,-113.10209429
36°47′08″N,36.78553878,76°57′54″W,-76.9650465
42°25′08″N,42.41885131,114°23′12″W,-114.38666728
32°12′14″N,32.20385801,110°52′24″W,-110.87330334
37°43′59″N,37.73298238,121°32′32″W,-121.54219005
33°45′50″N,33.76399697,85°27′55″W,-85.46531735
46°28′58″N,46.48274396,76°51′02″W,-76.85048358
34°16′27″N,34.27425655,104°36′01″W,-104.60040106
35°07′36″N,35.12661891,78°08′44″W,-78.14563944
47°52′28″N,47.87445001,100°32′13″W,-100.53705359
25°08′27″N,25.14083024,113°27′54″W,-113.46510034
35°43′20″N,35.72209775,102°48′33″W,-102.80902878
43°54′05″N,43.90144405,67°24′16″W,-67.40432326
32°26′03″N,32.4340543,68°18′48″W,-68.31336911
37°35′56″N,37.59882393,112°33′01″W,-112.5502699
31°01′41″N,31.02797498,122°45′53″W,-122.76470439
41°45′18″N,41.75500856,96°46′07″W,-96.76849656
35°38′32″N,35.64218911,91°58′54″W,-91.98177623
42°05′31″N,42.09186212,94°41′01″W,-94.68353641
38°48′39″N,38.81083975,100°58′55″W,-100.98193779
28°31′41″N,28.52799419,78°43′33″W,-78.72582592
31°19′24″N,31.32330986,109°30′46″W,-109.51281247
34°55′44″N,34.92889381,96°45′28″W,-96.75774506
24°48′56″N,24.81557753,95°27′07″W,-95.45201375
25°18′34″N,25.3095516,115°02′43″W,-115.04513946
33°25′54″N,33.43156588,73°10′56″W,-73.18230942
45°32′30″N,45.54163101,76°52′19″W,-76.87201208
37°45′04″N,37.75122363,103°32′31″W,-103.54201047
48°06′57″N,48.11594003,90°30′36″W,-90.50991484
35°31′36″N,35.52666196,109°34′08″W,-109.56885628
31°54′49″N,31.91358816,67°57′02″W,-67.95057568
33°50′53″N,33.84816708,81°43′28″W,-81.72447564
38°56′08″N,38.93544886,122°13′34″W,-122.22617719
27°41′26″N,27.69049553,116°33′59″W,-116.56661157
43°39′40″N,43.66118358,100°44′11″W,-100.73626129
35°41′17″N,35.68810884,75°59′25″W,-75.99034417
37°18′45″N,37.3125361,90°48′48″W,-90.81330553
49°00′24″N,49.00664947,76°34′55″W,-76.58200053
37°16′18″N,37.2716179,83°08′02″W,-83.13399693
38°19′56″N,38.33219368,70°05′15″W,-70.08749335
26°11′38″N,26.19388434,104°57′47″W,-104.9630183
45°26′06″N,45.43486383,101°12′44″W,-101.21217456
40°57′19″N,40.95524996,78°06′50″W,-78.11383496
29°08′19″N,29.13867097,90°48′10″W,-90.80275307
25°37′25″N,25.62358146,83°12′06″W,-83.20157932
44°09′10″N,44.15277059,93°23′25″W,-93.3902317
31°14′03″N,31.23421434,123°03′33″W,-123.05923081
30°57′01″N,30.95021411,106°43′33″W,-106.72572023
32°40′06″N,32.66838358,118°40′57″W,-118.68259671
36°35′15″N,36.58740186,119°27′10″W,-119.45267249
40°14′00″N,40.23332498,119°44′56″W,-119.7489306
48°39′25″N,48.6569356,68°36′37″W,-68.61016092
42°17′46″N,42.29620855,74°49′10″W,-74.81951813
29°16′40″N,29.27781132,80°39′23″W,-80.65643474
43°47′53″N,43.79813676,87°04′16″W,-87.07117832
38°42′49″N,38.71354027,89°24′01″W,-89.40014038
27°41′54″N,27.69828589,106°27′34″W,-106.45934127
41°21′52″N,41.36453736,70°53′17″W,-70.8881816
34°19′57″N,34.3324998,67°59′05″W,-67.98469954
29°18′39″N,29.31089114,101°32′25″W,-101.54025893
35°05′32″N,35.09209181,98°26′57″W,-98.4490654
31°17′55″N,31.29874586,124°22′40″W,-124.37780497
31°11′42″N,31.19486873,72°45′39″W,-72.760782
38°33′43″N,38.56193953,78°35′44″W,-78.59551022
39°53′44″N,39.8955708,73°46′19″W,-73.77181563
42°59′13″N,42.98705312,91°18′42″W,-91.31178
39°35′41″N,39.59476878,111°44′44″W,-111.74561172
47°21′55″N,47.36526703,71°58′59″W,-71.98306727
25°50′27″N,25.8407069,98°38′17″W,-98.63808334
41°41′16″N,41.6878174,115°25′18″W,-115.42159074
45°54′02″N,45.90059054,119°52′46″W,-119.8794164
41°25′12″N,41.42004273,101°44′49″W,-101.74701621
38°33′05″N,38.55140612,112°19′01″W,-112.31689726
30°25′43″N,30.42866229,100°50′41″W,-100.84460691
30°37′17″N,30.62130775,95°59′29″W,-95.9914301
36°17′08″N,36.28559324,118°30′24″W,-118.50680174
31°51′54″N,31.86489398,115°26′50″W,-115.44710982
34°36′29″N,34.6081399,120°52′59″W,-120.88312438
36°40′14″N,36.67053205,100°43′36″W,-100.72658537
38°33′54″N,38.56507153,115°22′16″W,-115.37123551
45°27′27″N,45.45747103,76°38′15″W,-76.63750332
39°23′37″N,39.39367573,104°49′34″W,-104.82624027
33°16′19″N,33.2720375,96°37′19″W,-96.62194954
26°24′36″N,26.40999914,67°34′13″W,-67.57027954
46°02′58″N,46.04944163,85°46′43″W,-85.77857809
30°20′13″N,30.33704389,91°17′52″W,-91.29766907
45°10′14″N,45.17060002,81°20′17″W,-81.3381753
43°15′14″N,43.2539795,86°17′22″W,-86.28951712
31°54′24″N,31.90660471,119°37′57″W,-119.63243002
36°10′30″N,36.17486935,87°57′45″W,-87.96251626
44°23′14″N,44.38720331,114°50′51″W,-114.84747019
31°32′54″N,31.54842244,74°19′41″W,-74.3280756
30°28′44″N,30.4789375,74°45′46″W,-74.76272586
43°29′47″N,43.49638466,81°43′58″W,-81.73269713
37°18′28″N,37.30765501,79°00′59″W,-79.01651444
35°12′43″N,35.21203167,69°49′04″W,-69.81765686
25°30′16″N,25.50434374,67°42′35″W,-67.70960198
37°51′02″N,37.85068322,73°04′40″W,-73.07782823
35°38′29″N,35.64134677,69°58′39″W,-69.97740923
27°10′23″N,27.17316976,98°14′32″W,-98.24214047
47°38′53″N,47.64799246,102°31′26″W,-102.52395415
45°29′14″N,45.48718774,69°29′56″W,-69.49895721
27°42′01″N,27.70026384,95°53′12″W,-95.88666298
34°11′07″N,34.18531775,101°11′25″W,-101.19028813
32°45′41″N,32.76137694,115°42′04″W,-115.70119866
47°22′03″N,47.36738024,79°29′23″W,-79.48962777
26°41′17″N,26.68796953,108°01′33″W,-108.0259136
43°53′59″N,43.89981518,74°40′19″W,-74.67201776
26°41′13″N,26.6869681,68°07′04″W,-68.1176499
39°06′44″N,39.11222675,89°51′23″W,-89.85627417
47°24′48″N,47.41337039,96°34′07″W,-96.56858288
31°31′44″N,31.52899508,124°12′45″W,-124.21258502
45°33′35″N,45.55982323,69°29′10″W,-69.48613488
33°20′56″N,33.34891841,124°21′06″W,-124.35167343
26°28′32″N,26.47546941,89°32′37″W,-89.54356165
44°03′50″N,44.06384132,81°27′14″W,-81.45387159
33°11′03″N,33.18407424,77°10′06″W,-77.1682151
33°01′20″N,33.02223556,95°42′54″W,-95.71488356
42°46′18″N,42.77175616,120°34′29″W,-120.57473113
29°29′50″N,29.49730889,102°33′36″W,-102.56010492
36°01′57″N,36.03255211,81°56′08″W,-81.9356705
38°13′39″N,38.22745775,82°10′15″W,-82.170902
42°20′02″N,42.33383316,78°16′30″W,-78.27496198
25°55′28″N,25.92436581,92°16′34″W,-92.27618272
40°58′59″N,40.98312983,103°21′20″W,-103.35567808
25°31′18″N,25.52172393,117°54′50″W,-117.91395699
41°57′42″N,41.96173108,102°04′53″W,-102.08141946
28°01′02″N,28.01724007,76°36′48″W,-76.61334965
39°31′47″N,39.52979076,81°23′39″W,-81.3942107
47°12′33″N,47.20905293,92°55′30″W,-92.9251347
42°46′13″N,42.77027687,69°07′19″W,-69.12186017
31°20′57″N,31.34918438,70°47′12″W,-70.78669643
26°26′58″N,26.4495218,73°14′33″W,-73.24240338
45°53′14″N,45.88731217,110°54′10″W,-110.9027214
38°01′18″N,38.02165538,105°05′29″W,-105.09139383
28°13′18″N,28.22169156,70°09′25″W,-70.15691353
35°27′24″N,35.45677786,75°56′17″W,-75.93808892
48°51′29″N,48.85793523,75°13′21″W,-75.22238707
33°57′16″N,33.95436689,105°50′56″W,-105.84882274
42°17′35″N,42.29308314,114°15′33″W,-114.25922378
27°35′12″N,27.58661305,100°37′14″W,-100.62068712
41°00′21″N,41.00596254,111°43′02″W,-111.71724989
46°17′42″N,46.29487362,67°27′15″W,-67.45414922
29°28′48″N,29.47997133,93°46′58″W,-93.78264202
25°22′28″N,25.37444702,76°11′56″W,-76.1989596
39°03′32″N,39.05883644,69°19′52″W,-69.33101749
29°20′51″N,29.34740194,77°54′06″W,-77.90174089
32°12′23″N,32.20635613,119°50′40″W,-119.84455445
44°52′38″N,44.87734424,111°42′44″W,-111.71226487
25°15′01″N,25.25028101,83°32′35″W,-83.54310315
47°04′29″N,47.07477067,108°29′57″W,-108.49917871
44°50′47″N,44.8464817,70°38′38″W,-70.64398507
30°49′38″N,30.82728216,111°45′33″W,-111.7592035
43°03′55″N,43.065388,96°56′44″W,-96.94555628
27°22′43″N,27.37866103,91°21′08″W,-91.35215769
34°08′07″N,34.13536375,103°14′26″W,-103.24055632
36°35′47″N,36.59635031,89°20′53″W,-89.34810517
39°28′16″N,39.47104214,79°06′45″W,-79.11252764
40°43′40″N,40.72763945,80°12′35″W,-80.20982743
30°54′10″N,30.90283623,75°56′24″W,-75.93997076
45°17′48″N,45.29680004,83°16′23″W,-83.27294455
39°22′38″N,39.37712772,114°35′18″W,-114.588372
42°48′33″N,42.80923908,115°14′19″W,-115.23868758
25°16′12″N,25.27010263,92°20′07″W,-92.33516743
27°21′58″N,27.36607614,78°41′50″W,-78.6971955
34°02′28″N,34.04119958,109°54′31″W,-109.90863707
37°34′10″N,37.56955298,72°43′18″W,-72.72170232
37°24′49″N,37.41347854,83°51′08″W,-83.85214873
24°46′43″N,24.77848433,84°32′09″W,-84.53580741
48°46′51″N,48.78089054,121°38′28″W,-121.64102141
36°01′43″N,36.0285576,91°32′08″W,-91.53558629
48°45′43″N,48.76199431,90°07′42″W,-90.12826588
36°12′44″N,36.21226603,71°39′23″W,-71.65644116
28°43′39″N,28.7273869,106°03′14″W,-106.05399715
45°42′52″N,45.71452678,112°30′16″W,-112.50457935
26°56′59″N,26.9496525,117°59′45″W,-117.99586113
48°16′35″N,48.27635833,92°21′07″W,-92.35183242
48°12′59″N,48.2164385,107°28′33″W,-107.47574942
29°03′41″N,29.06127887,107°14′21″W,-107.2390773
36°29′11″N,36.48634262,118°07′57″W,-118.13236949
26°12′18″N,26.20507652,117°24′20″W,-117.4056597
36°03′12″N,36.05337815,68°57′23″W,-68.95633023
42°59′33″N,42.9925846,102°53′11″W,-102.88641562
34°09′49″N,34.16362936,80°58′20″W,-80.97232426
36°02′18″N,36.03843429,107°24′46″W,-107.4127517
40°47′23″N,40.78965774,123°08′31″W,-123.14186367
35°49′33″N,35.82587402,69°30′33″W,-69.50917955
36°31′38″N,36.52733775,96°57′36″W,-96.96009948
45°57′19″N,45.95514307,101°44′44″W,-101.74560137
32°58′04″N,32.96782831,75°49′42″W,-75.82830117
37°15′17″N,37.2547331,118°54′50″W,-118.91389208
35°16′38″N,35.27731403,117°40′17″W,-117.67144436
27°15′39″N,27.26089674,111°55′50″W,-111.93045171
42°37′27″N,42.62428744,68°13′34″W,-68.22615954
48°14′26″N,48.24042693,73°19′42″W,-73.32825855
40°32′54″N,40.54825054,119°22′29″W,-119.37478958
34°18′30″N,34.30834936,121°42′45″W,-121.71240295
32°23′39″N,32.3942892,98°17′46″W,-98.29620835
29°00′43″N,29.01193909,109°49′41″W,-109.82795304
43°22′52″N,43.38102992,110°10′11″W,-110.16983967
26°15′19″N,26.2551418,99°13′43″W,-99.22861905
36°13′13″N,36.22019835,78°27′27″W,-78.45750452
40°21′55″N,40.36532578,120°52′06″W,-120.86834896
28°59′12″N,28.98666891,109°23′38″W,-109.39399292
30°24′09″N,30.40242668,96°53′53″W,-96.898131
47°36′48″N,47.6132991,117°06′17″W,-117.10472299
32°05′23″N,32.08969429,111°52′33″W,-111.87591094
42°32′42″N,42.54486289,94°55′59″W,-94.93311578
34°59′22″N,34.98956037,117°11′22″W,-117.18936246
35°30′33″N,35.50903029,85°29′50″W,-85.49732601
27°25′08″N,27.41877953,81°05′15″W,-81.08747411
44°39′12″N,44.65329707,106°13′19″W,-106.22188771
42°39′16″N,42.65432844,108°34′35″W,-108.57636815
24°49′28″N,24.82432662,78°42′20″W,-78.70557762
27°48′29″N,27.80809902,94°56′38″W,-94.94376094
36°52′19″N,36.87198121,114°56′42″W,-114.94499052
26°35′55″N,26.59873427,67°34′51″W,-67.58080572
31°23′50″N,31.39724948,74°19′08″W,-74.31899791
27°38′21″N,27.63908605,112°10′31″W,-112.17533101
44°48′45″N,44.81257222,68°48′10″W,-68.80278575
31°14′05″N,31.23464183,109°22′27″W,-109.37428521
38°16′31″N,38.27537885,93°27′24″W,-93.45653037
25°37′34″N,25.62601905,75°08′28″W,-75.14103393
28°38′29″N,28.64141093,114°08′21″W,-114.13907734
28°45′53″N,28.76480262,67°18′26″W,-67.30730297
29°26′09″N,29.43591076,103°21′05″W,-103.35128508
39°16′23″N,39.27307903,101°29′19″W,-101.48847678
35°35′43″N,35.59513909,67°27′13″W,-67.45359249
28°35′55″N,28.59867775,121°42′59″W,-121.7163575
26°36′57″N,26.61584147,79°31′12″W,-79.52003293
46°24′37″N,46.41030078,105°23′08″W,-105.38559501
34°23′37″N,34.39360649,82°14′56″W,-82.24883486
26°34′59″N,26.58324675,82°23′03″W,-82.38407532
33°34′34″N,33.57604845,124°41′37″W,-124.69360483
49°19′27″N,49.32417194,85°24′48″W,-85.4133173
46°50′22″N,46.83941167,100°48′24″W,-100.80666747
30°20′11″N,30.33632175,115°28′34″W,-115.47617845
35°37′12″N,35.62003182,104°20′09″W,-104.33589582
45°16′21″N,45.27247291,72°27′24″W,-72.45674833
43°10′57″N,43.1825588,111°19′09″W,-111.3192513
30°26′09″N,30.43596813,102°05′45″W,-102.09571733
36°01′55″N,36.03182589,78°04′22″W,-78.07269188
38°19′31″N,38.32530449,94°06′30″W,-94.10841798
34°54′27″N,34.90752439,122°14′46″W,-122.2461302
26°15′24″N,26.25678868,99°16′37″W,-99.27700079
33°27′17″N,33.45472411,109°55′45″W,-109.92924794
34°32′59″N,34.54970735,83°27′38″W,-83.46062701
38°29′14″N,38.48723954,119°01′44″W,-119.02877583
31°09′11″N,31.15298824,95°18′04″W,-95.30106567
45°03′03″N,45.05092014,86°42′34″W,-86.70950478
34°34′36″N,34.57663415,69°41′20″W,-69.68886664
38°33′18″N,38.55513643,107°50′35″W,-107.84310917
34°52′11″N,34.86965901,97°05′27″W,-97.09095054
28°25′58″N,28.43291538,102°59′38″W,-102.99386313
40°03′14″N,40.053962,90°58′47″W,-90.9797809
25°54′41″N,25.91145402,72°34′11″W,-72.56962007
27°52′12″N,27.87005644,99°01′34″W,-99.02615905
31°51′49″N,31.86351608,114°47′05″W,-114.78463826
43°57′46″N,43.96286556,118°35′47″W,-118.59651593
35°57′09″N,35.95253995,100°28′24″W,-100.47338728
47°07′03″N,47.11736439,95°48′02″W,-95.80068936
35°41′28″N,35.69114689,120°31′01″W,-120.51684993
43°51′46″N,43.8628879,68°40′28″W,-68.67450439
44°06′05″N,44.10146503,87°26′54″W,-87.4482247
27°17′09″N,27.28594704,77°11′00″W,-77.18340752
46°16′43″N,46.27851907,76°52′21″W,-76.87257773
32°10′19″N,32.17196505,77°50′21″W,-77.83920848
34°11′07″N,34.18527206,80°06′42″W,-80.11180259
44°10′21″N,44.17238781,84°10′48″W,-84.17986759
32°14′55″N,32.24853911,102°02′02″W,-102.03395609
47°28′35″N,47.47646765,114°07′05″W,-114.11792726
48°08′04″N,48.13446082,91°54′10″W,-91.9028186
46°25′49″N,46.43036168,87°56′45″W,-87.94593822
30°18′44″N,30.31229582,86°06′18″W,-86.10512635
30°35′59″N,30.59981028,97°00′05″W,-97.00130948
39°35′26″N,39.59058055,68°55′05″W,-68.91808445
36°31′59″N,36.53303796,108°20′06″W,-108.33490872
45°34′54″N,45.58166978,116°39′32″W,-116.65888636
47°13′27″N,47.2243045,97°32′35″W,-97.54307821
30°45′03″N,30.75084151,94°13′43″W,-94.2286682
43°33′24″N,43.55661574,70°11′14″W,-70.18734341
28°12′40″N,28.21115234,99°45′24″W,-99.75654784
42°19′02″N,42.31722279,100°34′13″W,-100.57031557
31°29′15″N,31.48761481,93°58′47″W,-93.9796488
26°50′57″N,26.84910484,95°56′15″W,-95.93752677
28°32′58″N,28.54949311,69°18′40″W,-69.31114892
30°29′29″N,30.49150307,73°57′42″W,-73.96172026
39°34′11″N,39.56982471,102°54′14″W,-102.90394888
36°51′09″N,36.85260719,114°32′50″W,-114.54712689
44°55′14″N,44.92064151,102°32′14″W,-102.53727595
39°47′21″N,39.78909733,78°48′09″W,-78.8025415
48°54′13″N,48.90357008,109°59′08″W,-109.98553841
40°30′00″N,40.49991805,116°57′52″W,-116.96456913
28°16′33″N,28.27575773,81°32′17″W,-81.53796229
27°27′42″N,27.46180484,88°45′22″W,-88.75617502
40°05′16″N,40.08781452,113°57′53″W,-113.96483075
35°25′55″N,35.43205461,97°13′30″W,-97.22500946
47°31′26″N,47.52382184,113°26′53″W,-113.44815868
44°22′58″N,44.38291312,96°36′15″W,-96.60407729
39°37′46″N,39.62943341,98°07′41″W,-98.12818522
31°43′05″N,31.71804996,119°03′08″W,-119.05211267
44°30′31″N,44.50847699,71°16′07″W,-71.26860481
40°47′12″N,40.78662038,88°17′33″W,-88.29242064
35°01′43″N,35.0285803,81°06′52″W,-81.11441244
37°44′46″N,37.7462015,73°56′03″W,-73.93420134
29°11′33″N,29.19240757,71°13′46″W,-71.22942426
49°17′30″N,49.29170917,77°07′35″W,-77.1263554
37°47′33″N,37.79239891,89°45′35″W,-89.75979722
45°31′39″N,45.52754855,121°59′08″W,-121.98549858
39°00′59″N,39.01666478,75°00′55″W,-75.01518543
40°31′52″N,40.53124975,94°24′10″W,-94.40270468
45°25′39″N,45.4275065,69°36′01″W,-69.60019635
37°26′31″N,37.44185509,110°23′22″W,-110.38948668
29°29′23″N,29.48976324,103°47′33″W,-103.79257989
26°29′12″N,26.4867069,92°27′40″W,-92.46102071
35°25′42″N,35.42842228,112°10′57″W,-112.18257709
39°00′58″N,39.01619393,90°04′15″W,-90.07077314
31°27′58″N,31.46605001,67°27′20″W,-67.45543821
27°35′21″N,27.5892482,96°49′18″W,-96.82159362
33°26′22″N,33.43952684,120°29′46″W,-120.49607685
38°01′53″N,38.0313828,74°33′40″W,-74.56120677
45°56′05″N,45.93473654,120°21′09″W,-120.35238632
32°33′30″N,32.55842314,89°26′48″W,-89.44658543
45°43′49″N,45.73028343,93°41′18″W,-93.68825633
44°02′27″N,44.04095176,79°33′54″W,-79.56508164
44°49′38″N,44.82733228,95°23′48″W,-95.39663494
35°16′55″N,35.28183349,104°56′55″W,-104.948534
44°57′05″N,44.95148588,90°00′41″W,-90.01129729
46°54′17″N,46.90481575,98°36′14″W,-98.60376789
30°33′31″N,30.55850933,79°38′31″W,-79.64199786
38°23′37″N,38.3936956,89°16′59″W,-89.28330291
32°14′07″N,32.2354059,84°49′54″W,-84.83169791
46°41′45″N,46.69589619,96°15′45″W,-96.26252637
40°16′45″N,40.27924165,113°28′12″W,-113.47012942
27°59′21″N,27.98916939,86°50′06″W,-86.83510565
47°42′22″N,47.70610475,78°40′07″W,-78.66860347
47°04′31″N,47.07530774,120°40′31″W,-120.67520867
35°31′23″N,35.5230868,99°18′02″W,-99.30067089
47°36′58″N,47.61615988,86°16′56″W,-86.28211595
30°08′52″N,30.14786088,112°10′50″W,-112.18059237
40°16′17″N,40.2712992,87°55′56″W,-87.93209862
32°54′33″N,32.909098,81°40′46″W,-81.67931101
48°48′54″N,48.81500159,72°07′25″W,-72.12370668
32°17′53″N,32.29815737,78°47′39″W,-78.79426566
34°09′21″N,34.15577505,67°37′54″W,-67.63180513
43°50′52″N,43.84765925,83°21′46″W,-83.36277767
37°59′57″N,37.999094,79°49′04″W,-79.81764968
43°11′58″N,43.19958139,109°03′59″W,-109.06638651
33°14′06″N,33.23489622,116°50′01″W,-116.83352199
40°16′10″N,40.26946116,81°48′32″W,-81.80885392
30°17′37″N,30.2935994,67°43′35″W,-67.72639626
33°27′33″N,33.45923989,104°11′33″W,-104.19253897
31°38′16″N,31.63782586,94°16′58″W,-94.28290616
26°37′10″N,26.61953282,98°19′38″W,-98.32719957
44°27′09″N,44.45251387,107°37′50″W,-107.63044424
28°25′12″N,28.4198682,86°50′27″W,-86.84073083
31°56′23″N,31.93974211,102°01′13″W,-102.02026375
36°18′11″N,36.30309347,120°26′13″W,-120.4369111
45°30′26″N,45.50728738,84°04′52″W,-84.08103305
33°07′41″N,33.127972,97°32′11″W,-97.53632211
43°06′15″N,43.10420494,79°19′10″W,-79.31957869
33°05′45″N,33.09578829,91°53′45″W,-91.89596067
33°28′25″N,33.47373328,108°50′09″W,-108.835744
25°25′22″N,25.422813,78°21′48″W,-78.3631964
47°34′55″N,47.58188035,78°25′48″W,-78.43009511
28°26′05″N,28.43473534,106°15′58″W,-106.26604913
46°14′02″N,46.2338478,93°40′04″W,-93.66765328
28°28′26″N,28.47387904,103°38′24″W,-103.64009549
31°58′25″N,31.97363517,74°24′28″W,-74.40790333
35°53′47″N,35.89635662,73°35′45″W,-73.59573883
44°00′33″N,44.00909365,93°29′36″W,-93.49332279
42°16′31″N,42.27540373,75°18′13″W,-75.30368414
32°25′57″N,32.43247675,89°48′32″W,-89.80884114
38°18′56″N,38.31555789,94°43′42″W,-94.72837051
27°49′56″N,27.83226918,77°37′16″W,-77.62116359
35°03′59″N,35.06635563,71°09′17″W,-71.1548213
33°37′33″N,33.62579562,96°25′58″W,-96.43273942
42°01′45″N,42.02923962,117°03′40″W,-117.06120504
31°28′03″N,31.46756843,102°47′46″W,-102.79598577
28°12′14″N,28.20391108,104°30′00″W,-104.49998529
24°52′49″N,24.88017601,97°49′36″W,-97.82675889
30°35′56″N,30.59880772,96°03′21″W,-96.05577416
32°18′25″N,32.30702445,79°15′07″W,-79.25193811
30°10′38″N,30.17709045,100°28′14″W,-100.47068088
35°26′08″N,35.43548203,79°29′41″W,-79.49470334
47°17′14″N,47.28720463,99°44′10″W,-99.73608184
31°03′50″N,31.06399212,85°00′52″W,-85.01440815
32°55′18″N,32.92162857,90°02′03″W,-90.03429384
33°40′39″N,33.67762725,67°42′42″W,-67.71159451
40°12′35″N,40.2096406,74°32′04″W,-74.53453858
41°38′32″N,41.64215715,115°38′02″W,-115.63396469
35°47′55″N,35.79858691,111°10′29″W,-111.17467692
47°44′46″N,47.74597406,89°36′19″W,-89.60527347
28°02′15″N,28.03757249,85°54′50″W,-85.91395073
29°51′57″N,29.86596755,122°47′57″W,-122.79913309
31°13′19″N,31.22183337,88°21′26″W,-88.35711685
40°57′33″N,40.9592989,95°10′27″W,-95.17414457
39°50′14″N,39.8372946,96°10′33″W,-96.17596096
48°27′09″N,48.45263593,91°52′32″W,-91.875443
36°39′02″N,36.65062945,118°29′53″W,-118.49793475
30°44′49″N,30.74686556,73°58′53″W,-73.98140581
29°57′55″N,29.96523611,94°29′45″W,-94.49591887
26°35′01″N,26.58374783,111°14′33″W,-111.24255586
47°56′55″N,47.94867967,74°02′54″W,-74.04835976
42°39′57″N,42.66592936,93°01′41″W,-93.02801696
31°23′09″N,31.38569594,117°44′29″W,-117.74136961
26°14′09″N,26.23581463,70°58′09″W,-70.9692658
43°32′35″N,43.54314536,101°37′17″W,-101.62144815
30°25′53″N,30.43135906,79°31′29″W,-79.52467208
43°19′00″N,43.31656473,97°44′14″W,-97.73733185
33°08′36″N,33.14340376,69°26′26″W,-69.44064169
29°50′32″N,29.84233876,75°36′32″W,-75.60898042
46°25′37″N,46.42704708,106°00′43″W,-106.01188831
44°25′56″N,44.43209299,83°44′31″W,-83.7419627
38°32′19″N,38.53869922,78°01′52″W,-78.03119645
38°41′04″N,38.68442407,68°27′50″W,-68.46397149
48°07′55″N,48.13196309,111°44′39″W,-111.74411447
40°57′56″N,40.9655348,110°50′18″W,-110.83844305
31°54′25″N,31.90690482,120°51′18″W,-120.85502203
41°46′54″N,41.78169388,117°51′31″W,-117.85873817
41°24′11″N,41.40305928,70°20′42″W,-70.34501725
25°46′26″N,25.77384661,76°44′29″W,-76.74135789
33°32′39″N,33.54416885,81°04′15″W,-81.07076942
35°21′49″N,35.36351827,119°28′26″W,-119.47388504
32°34′02″N,32.56712056,110°54′39″W,-110.91085507
31°40′46″N,31.67933975,121°03′33″W,-121.05913964
42°42′48″N,42.71341233,69°43′14″W,-69.72062178
42°58′41″N,42.97803026,85°12′38″W,-85.21045251
42°31′41″N,42.52811643,80°44′16″W,-80.73771429
37°09′59″N,37.1667512,104°38′39″W,-104.64407477
27°11′34″N,27.19289931,69°58′22″W,-69.97273985
41°41′44″N,41.69552777,95°01′27″W,-95.02426241
42°45′23″N,42.75643507,97°20′50″W,-97.34732669
46°24′34″N,46.40932086,114°20′42″W,-114.3448644
29°30′18″N,29.50495858,117°07′29″W,-117.12471244
46°47′01″N,46.78358904,85°23′59″W,-85.39959723
46°19′17″N,46.32138665,119°21′21″W,-119.35592026
29°09′21″N,29.15580912,122°50′30″W,-122.8416187
48°30′31″N,48.50874678,81°48′25″W,-81.80695737
27°43′15″N,27.72072327,80°34′51″W,-80.58096219
36°00′45″N,36.01242825,75°18′55″W,-75.3154011
25°52′17″N,25.87142681,117°31′37″W,-117.52706859
45°03′38″N,45.06052506,112°43′08″W,-112.71881721
49°01′18″N,49.02161409,73°59′45″W,-73.99587396
29°47′54″N,29.79821776,77°12′18″W,-77.20501665
43°05′42″N,43.09489078,111°18′07″W,-111.30183577
34°53′18″N,34.88832471,101°33′01″W,-101.55015727
36°18′49″N,36.31347353,93°13′35″W,-93.22640024
27°33′51″N,27.56425745,116°18′58″W,-116.31605092
46°17′53″N,46.29815317,108°55′32″W,-108.92545987
36°41′27″N,36.69086935,119°33′50″W,-119.56386058
34°26′31″N,34.44196459,104°27′59″W,-104.46649267
41°36′23″N,41.60626096,93°14′08″W,-93.23544562
31°40′14″N,31.6706002,124°40′13″W,-124.67031622
31°04′17″N,31.07133968,67°06′48″W,-67.11345283
25°48′56″N,25.81559528,112°50′51″W,-112.84758097
29°44′43″N,29.74526103,113°39′29″W,-113.65803629
25°35′59″N,25.59977682,82°24′43″W,-82.41180784
25°04′28″N,25.07435454,116°31′19″W,-116.52193996
24°55′28″N,24.92439718,99°32′55″W,-99.54874481
33°09′05″N,33.15132809,68°40′32″W,-68.67556731
29°55′27″N,29.92412308,70°49′02″W,-70.81730109
37°09′01″N,37.15015703,74°48′18″W,-74.80488088
40°39′52″N,40.66439003,74°49′10″W,-74.81931765
32°40′38″N,32.67720276,99°16′21″W,-99.27255712
35°54′47″N,35.91300284,92°47′09″W,-92.78590643
29°25′49″N,29.43025058,111°22′53″W,-111.38131718
30°29′03″N,30.48421659,111°50′33″W,-111.84253625
28°54′33″N,28.90919032,86°13′56″W,-86.23217776
36°19′28″N,36.32440458,124°21′51″W,-124.36403775
47°32′49″N,47.54692465,100°54′05″W,-100.90132245
34°06′39″N,34.11085009,95°55′12″W,-95.91994264
34°21′07″N,34.35193254,91°58′28″W,-91.97436545
27°44′31″N,27.74206613,67°14′20″W,-67.23879975
39°11′01″N,39.18360029,109°31′24″W,-109.52333756
28°55′28″N,28.92443266,103°23′59″W,-103.39972683
26°27′50″N,26.46391656,90°49′07″W,-90.81857229
36°22′36″N,36.3765969,72°47′52″W,-72.79767132
33°52′40″N,33.87787646,116°32′54″W,-116.54831996
48°58′40″N,48.97767559,114°59′19″W,-114.9887427
33°00′26″N,33.00727501,108°41′57″W,-108.6990348
37°21′39″N,37.36092858,97°57′48″W,-97.96332297
43°11′38″N,43.19395598,107°21′20″W,-107.35562605
33°25′46″N,33.42956901,91°18′13″W,-91.30372735
37°28′07″N,37.46870895,78°07′54″W,-78.13153418
36°49′18″N,36.82157269,67°26′05″W,-67.43469643
26°14′31″N,26.24187513,66°57′36″W,-66.95990883
47°21′26″N,47.35717221,99°17′05″W,-99.28473635
39°09′14″N,39.15388279,82°03′18″W,-82.0549628
35°28′41″N,35.47818007,113°30′58″W,-113.51615497
29°11′33″N,29.19245871,124°43′09″W,-124.71908488
39°27′13″N,39.45356335,97°08′03″W,-97.13413198
27°32′08″N,27.53545218,81°17′19″W,-81.28859166
34°20′20″N,34.33902449,93°12′03″W,-93.20072808
29°09′24″N,29.15661251,73°33′37″W,-73.56014323
28°37′56″N,28.63234857,115°09′15″W,-115.15404614
41°23′36″N,41.39324149,112°19′58″W,-112.33280995
25°06′44″N,25.11217832,92°00′50″W,-92.01379963
34°58′04″N,34.96789104,123°31′09″W,-123.51926164
41°48′52″N,41.81455132,119°02′23″W,-119.03962435
35°05′41″N,35.09471704,120°05′36″W,-120.09338169
43°29′48″N,43.49654264,92°53′00″W,-92.88335772
27°17′05″N,27.28478893,73°50′50″W,-73.84724608
48°23′14″N,48.3871401,80°34′05″W,-80.56811503
29°08′40″N,29.14455329,105°35′58″W,-105.59948062
28°41′26″N,28.69055902,95°40′55″W,-95.68189516
35°09′08″N,35.15227737,101°55′05″W,-101.91804974
27°26′04″N,27.43431804,89°53′03″W,-89.88415527
27°00′20″N,27.00561789,111°02′45″W,-111.04576631
26°05′12″N,26.08663693,67°15′30″W,-67.25838969
25°58′59″N,25.98295524,100°11′07″W,-100.1852479
27°29′50″N,27.49719356,124°23′34″W,-124.3928478
42°12′07″N,42.20185006,89°25′07″W,-89.41857206
44°29′00″N,44.48333693,101°12′23″W,-101.20643689
27°18′37″N,27.31024024,99°36′48″W,-99.61335885
37°03′13″N,37.05374708,86°07′21″W,-86.12263065
31°11′02″N,31.18378714,72°37′51″W,-72.6307269
38°33′32″N,38.55881136,76°50′11″W,-76.83647418
27°49′49″N,27.83025758,93°03′15″W,-93.05407853
46°50′06″N,46.83495481,100°24′17″W,-100.40474828
42°24′43″N,42.41186514,101°48′39″W,-101.81081523
28°00′41″N,28.01137898,89°19′09″W,-89.319097
45°43′04″N,45.71787959,107°43′03″W,-107.71755898
35°58′37″N,35.97697628,100°13′46″W,-100.22948107
35°21′49″N,35.36371923,79°36′04″W,-79.60120542
45°34′29″N,45.57461847,91°06′51″W,-91.11416497
28°34′42″N,28.57827496,79°54′13″W,-79.90355457
45°01′14″N,45.02055663,119°17′37″W,-119.29348122
25°56′10″N,25.93618126,88°12′50″W,-88.21375932
26°58′42″N,26.97840959,119°11′41″W,-119.19479296
27°28′28″N,27.47434141,95°01′20″W,-95.02222208
30°50′45″N,30.84576391,97°15′07″W,-97.25192764
27°22′47″N,27.3797087,73°01′29″W,-73.02468765
31°09′55″N,31.16533116,81°43′42″W,-81.72822684
38°47′01″N,38.78364439,100°27′08″W,-100.45226865
37°56′47″N,37.94641578,91°45′59″W,-91.76638087
48°50′32″N,48.84214351,116°24′08″W,-116.40218239
36°56′16″N,36.93777479,86°32′59″W,-86.54959944
35°05′47″N,35.09649859,76°38′01″W,-76.63360184
26°14′47″N,26.24628657,102°11′35″W,-102.19310174
37°44′30″N,37.74171792,98°41′40″W,-98.69440967
45°15′17″N,45.2546385,97°56′12″W,-97.93670342
25°14′44″N,25.24551861,106°29′09″W,-106.48587521
41°05′38″N,41.09386431,92°49′51″W,-92.83075398
44°46′56″N,44.78220025,91°22′15″W,-91.37078716
36°55′04″N,36.91790558,89°35′39″W,-89.59428978
41°11′56″N,41.19895378,119°44′00″W,-119.73338027
36°28′00″N,36.46662067,121°21′22″W,-121.35601139
26°54′21″N,26.90596082,94°15′54″W,-94.26509842
45°15′29″N,45.25818941,67°29′15″W,-67.48748629
40°29′19″N,40.48862656,118°50′15″W,-118.83742584
28°39′30″N,28.6582557,115°57′25″W,-115.95684406
34°47′20″N,34.78898327,122°31′05″W,-122.51810514
34°05′54″N,34.09834934,113°43′43″W,-113.72851561
29°48′06″N,29.80157525,87°00′22″W,-87.00611732
34°33′37″N,34.56039344,70°14′56″W,-70.24889178
34°00′51″N,34.01422226,71°14′39″W,-71.24412795
38°16′10″N,38.2694447,99°20′21″W,-99.33920312
40°31′06″N,40.51830252,96°34′33″W,-96.57592803
36°10′41″N,36.17804224,81°23′07″W,-81.38535473
42°32′55″N,42.54872803,102°35′13″W,-102.58691583
40°24′21″N,40.40589949,115°51′01″W,-115.85036368
44°28′05″N,44.46812855,73°32′14″W,-73.53715294
46°04′21″N,46.0726172,107°39′38″W,-107.66050743
39°56′51″N,39.94751102,78°14′47″W,-78.24648624
42°18′14″N,42.30376541,86°48′40″W,-86.8112299
46°33′40″N,46.56099227,115°17′06″W,-115.28495041
48°32′46″N,48.54617457,119°46′23″W,-119.77301835
25°48′34″N,25.80945171,99°06′32″W,-99.10900896
47°58′57″N,47.98254922,109°40′09″W,-109.66921498
26°43′30″N,26.72490359,119°22′41″W,-119.3781753
39°22′00″N,39.3667962,89°11′03″W,-89.18422314
44°07′21″N,44.12249202,110°34′54″W,-110.58157259
38°25′25″N,38.42374453,114°26′34″W,-114.44272907
34°38′25″N,34.64013971,87°10′29″W,-87.17459444
30°46′14″N,30.77051529,97°57′45″W,-97.96253804
29°54′32″N,29.90876739,68°28′29″W,-68.4747332
28°18′31″N,28.30873734,83°26′43″W,-83.44539901
25°45′49″N,25.76360686,92°43′48″W,-92.72999624
45°32′18″N,45.53829131,123°54′04″W,-123.90115784
25°34′28″N,25.57452061,99°30′49″W,-99.51358344
44°54′04″N,44.90116207,97°43′41″W,-97.72805712
33°40′03″N,33.66757071,104°38′44″W,-104.64559688
43°58′32″N,43.97548955,112°02′13″W,-112.0368197
47°38′30″N,47.64177731,105°55′31″W,-105.92531619
27°35′56″N,27.5989762,107°08′49″W,-107.14681152
48°56′40″N,48.94451341,115°12′49″W,-115.21362818
29°41′54″N,29.6982316,73°45′15″W,-73.75408774
27°17′11″N,27.28639231,101°09′49″W,-101.16359293
37°24′36″N,37.40998972,72°33′57″W,-72.56571442
37°26′51″N,37.4475232,69°12′31″W,-69.2085767
35°17′42″N,35.29489014,83°38′39″W,-83.64417482
47°52′06″N,47.86843102,108°41′18″W,-108.68825351
48°42′45″N,48.7124127,78°41′00″W,-78.68325481
43°03′06″N,43.05172734,121°53′46″W,-121.89618559
36°14′10″N,36.2360551,108°28′50″W,-108.48054568
34°59′46″N,34.99617728,105°41′50″W,-105.69729763
45°14′16″N,45.23787362,89°01′26″W,-89.02392592
39°01′59″N,39.03304942,119°26′13″W,-119.43694981
28°21′46″N,28.36288203,110°19′24″W,-110.32332811
35°13′34″N,35.22610363,120°10′13″W,-120.17033052
26°26′47″N,26.44626246,94°52′47″W,-94.87976801
29°23′42″N,29.39507945,100°58′04″W,-100.96764318
38°29′46″N,38.49607054,84°15′49″W,-84.2635525
44°08′30″N,44.14164903,71°45′57″W,-71.76586933
47°53′09″N,47.88585723,100°06′38″W,-100.11052719
37°31′35″N,37.52647289,91°37′27″W,-91.62404412
33°30′38″N,33.51050622,120°38′14″W,-120.63726491
28°41′57″N,28.69921344,70°57′11″W,-70.95292684
26°06′20″N,26.10544351,71°07′12″W,-71.12002753
40°18′12″N,40.30333439,113°04′09″W,-113.0691018
29°23′31″N,29.39194944,112°49′27″W,-112.82405498
44°37′52″N,44.63100742,98°50′19″W,-98.83855396
33°01′32″N,33.02551048,77°19′37″W,-77.32688628
30°24′19″N,30.40518089,96°36′11″W,-96.60310991
27°28′11″N,27.4696993,84°25′06″W,-84.41827519
39°56′53″N,39.94798137,74°23′48″W,-74.39652814
34°56′13″N,34.93701041,103°29′59″W,-103.49974296
37°43′43″N,37.72863178,118°20′28″W,-118.34105798
42°11′42″N,42.19490016,111°16′51″W,-111.28093645
27°37′13″N,27.62024718,74°01′47″W,-74.0298362
39°17′49″N,39.29681137,104°45′14″W,-104.75395482
46°34′54″N,46.58161206,90°11′48″W,-90.19673798
44°53′41″N,44.89485562,82°17′03″W,-82.28426806
32°37′56″N,32.63228823,79°04′41″W,-79.07809635
37°57′53″N,37.96471285,99°42′13″W,-99.70369336
28°13′57″N,28.23241125,112°47′45″W,-112.7959661
39°15′20″N,39.25568297,72°48′06″W,-72.8017217
31°45′55″N,31.76533678,107°48′58″W,-107.81611929
48°47′36″N,48.7932785,78°18′37″W,-78.31029022
30°41′20″N,30.68889143,96°56′57″W,-96.94904177
30°43′10″N,30.71957196,121°08′32″W,-121.14209319
34°30′28″N,34.50766317,97°53′40″W,-97.89451647
31°25′00″N,31.41676066,70°49′34″W,-70.82599015
42°48′10″N,42.8027201,71°57′20″W,-71.9556798
28°22′35″N,28.37625211,68°12′36″W,-68.20995655
48°14′35″N,48.24313132,72°19′59″W,-72.33302792
29°29′58″N,29.4995649,92°00′59″W,-92.01655269
28°14′19″N,28.23859839,96°56′52″W,-96.94768299
27°31′26″N,27.5238566,116°27′38″W,-116.46043041
47°13′11″N,47.21973441,82°39′13″W,-82.65373376
36°01′59″N,36.03299446,106°46′05″W,-106.76796439
47°43′14″N,47.72048534,71°41′59″W,-71.69975502
26°06′05″N,26.10139576,73°59′50″W,-73.99734972
47°46′59″N,47.78318787,120°18′34″W,-120.30949844
29°46′33″N,29.77584333,124°31′50″W,-124.53044392
41°59′56″N,41.99888684,93°26′14″W,-93.43735154
45°05′28″N,45.09107136,121°48′15″W,-121.80416588
34°56′32″N,34.94224322,121°59′14″W,-121.98718649
46°15′53″N,46.26460452,113°33′56″W,-113.56546328
32°57′10″N,32.95266127,108°36′37″W,-108.61041659
40°53′42″N,40.89502326,92°01′08″W,-92.01879266
43°54′39″N,43.91078487,83°07′23″W,-83.1231935
44°18′15″N,44.30404335,95°02′03″W,-95.03408581
44°38′48″N,44.64664074,101°43′58″W,-101.73267335
32°28′39″N,32.47754681,92°29′55″W,-92.49849834
37°11′43″N,37.19531496,117°18′44″W,-117.31225684
42°14′45″N,42.24589995,101°18′54″W,-101.31506349
35°33′16″N,35.55431784,117°24′38″W,-117.41054035
43°30′18″N,43.50505769,86°22′20″W,-86.37215402
40°59′34″N,40.99287169,97°30′13″W,-97.50367307
40°20′47″N,40.34646722,101°34′48″W,-101.57994189
31°18′21″N,31.30590754,95°09′53″W,-95.1648022
29°05′51″N,29.09758316,98°52′43″W,-98.87872539
43°54′58″N,43.91614939,97°24′49″W,-97.41373509
30°02′27″N,30.040767,111°23′56″W,-111.39891818
25°54′26″N,25.90717954,94°12′11″W,-94.20309771
35°42′57″N,35.71582512,124°40′47″W,-124.6798087
28°55′54″N,28.93174338,96°04′27″W,-96.07424376
39°55′27″N,39.92415583,113°15′17″W,-113.25465713
40°42′32″N,40.70894792,77°25′56″W,-77.43225535
48°01′41″N,48.02799024,110°24′08″W,-110.40211118
44°34′43″N,44.57854039,91°01′14″W,-91.02051381
27°43′01″N,27.71686058,87°26′20″W,-87.43899662
38°20′06″N,38.3350527,80°44′11″W,-80.73634051
28°06′24″N,28.10655944,107°25′28″W,-107.42441181
40°45′43″N,40.761962,100°20′55″W,-100.34858434
26°26′30″N,26.44153367,115°50′48″W,-115.84670655
40°56′11″N,40.9362515,115°18′43″W,-115.31199415
27°06′56″N,27.11566866,119°20′57″W,-119.34924764
30°03′04″N,30.05098246,87°00′55″W,-87.01535672
47°25′44″N,47.42895925,69°14′12″W,-69.23665611
43°39′35″N,43.65965852,116°45′50″W,-116.76383456
30°13′20″N,30.22233912,89°56′47″W,-89.94644022
28°05′47″N,28.0963236,116°18′03″W,-116.30096609
40°59′04″N,40.98441452,72°47′37″W,-72.7935107
30°56′06″N,30.93502821,102°29′26″W,-102.49058012
31°08′36″N,31.14321864,77°03′52″W,-77.06458147
37°26′47″N,37.44637093,95°52′30″W,-95.87505673
49°17′32″N,49.29228228,112°53′31″W,-112.89191828
32°53′03″N,32.88407785,89°35′24″W,-89.58994335
28°17′25″N,28.29035647,91°08′20″W,-91.13898672
42°23′03″N,42.3841846,115°41′45″W,-115.69574272
31°16′31″N,31.27521217,84°50′26″W,-84.84059601
42°27′00″N,42.44997194,102°51′35″W,-102.85962637
35°57′23″N,35.95639164,107°17′42″W,-107.29500939
30°52′25″N,30.87369474,101°39′28″W,-101.65782794
31°21′19″N,31.35523922,89°30′24″W,-89.50675224
28°27′51″N,28.4641195,74°32′50″W,-74.54723167
32°45′01″N,32.75041184,77°53′17″W,-77.88804036
42°33′23″N,42.55645323,86°33′20″W,-86.55548282
28°47′21″N,28.78913757,104°49′20″W,-104.82231965
37°34′58″N,37.58277315,104°57′56″W,-104.9654594
41°53′48″N,41.89679267,80°24′40″W,-80.4112345
26°00′07″N,26.00196504,78°00′49″W,-78.01362767
32°53′14″N,32.88714565,114°55′44″W,-114.92899886
27°10′43″N,27.1787286,97°51′47″W,-97.86304967
25°50′14″N,25.83711251,108°20′42″W,-108.34498829
27°40′30″N,27.67505441,107°19′08″W,-107.31895423
47°26′32″N,47.44213984,80°38′35″W,-80.64312053
25°30′54″N,25.51500627,77°41′52″W,-77.69768505
25°15′46″N,25.26277918,107°38′30″W,-107.6415874
29°54′09″N,29.90247366,77°25′10″W,-77.41956098
26°08′18″N,26.13833784,79°22′31″W,-79.37528708
43°06′05″N,43.10142185,91°47′47″W,-91.79651423
39°30′06″N,39.50179486,122°41′31″W,-122.69200635
41°19′05″N,41.3179363,84°51′10″W,-84.8527559
35°52′04″N,35.86784528,92°01′59″W,-92.03318118
41°40′55″N,41.68199939,80°57′33″W,-80.95907274
37°50′42″N,37.84486884,104°37′36″W,-104.62677042
28°53′41″N,28.89459553,93°27′28″W,-93.457678
25°20′13″N,25.33691901,110°18′22″W,-110.30597316
39°41′30″N,39.69159856,86°04′23″W,-86.07316452
32°29′04″N,32.48456171,69°19′15″W,-69.32081891
30°17′14″N,30.28717452,71°47′36″W,-71.79346116
38°20′04″N,38.3345705,113°41′44″W,-113.69569226
25°18′22″N,25.30617543,110°39′09″W,-110.65241371
24°49′33″N,24.82581034,115°49′35″W,-115.82625323
33°54′12″N,33.90326778,73°04′47″W,-73.07973014
36°37′09″N,36.61925861,99°29′12″W,-99.48657418
25°24′36″N,25.40987582,102°25′43″W,-102.42857145
46°14′08″N,46.23545269,116°14′13″W,-116.23706314
40°02′30″N,40.0416033,78°52′26″W,-78.87399871
38°38′48″N,38.64662628,116°02′50″W,-116.0472592
25°56′35″N,25.94296242,113°26′44″W,-113.44565952
43°25′21″N,43.42246673,108°59′57″W,-108.99906122
30°52′52″N,30.88112785,120°43′27″W,-120.72413098
39°47′59″N,39.79988705,84°14′49″W,-84.24702871
48°07′50″N,48.13060671,103°06′55″W,-103.11538154
33°01′29″N,33.02479287,72°17′26″W,-72.29060069
45°45′06″N,45.75177291,122°00′40″W,-122.01100222
36°55′33″N,36.92581945,78°36′19″W,-78.60538554
25°56′24″N,25.9400676,77°06′58″W,-77.11610149
40°22′55″N,40.38189965,115°18′17″W,-115.30462696
37°19′30″N,37.32490012,121°54′08″W,-121.90221368
35°47′48″N,35.79675986,124°17′09″W,-124.28577241
37°33′45″N,37.56239143,69°28′04″W,-69.46773199
49°01′14″N,49.02066283,119°04′31″W,-119.07517505
47°39′37″N,47.66028475,98°11′21″W,-98.18910996
39°35′51″N,39.59760907,68°58′26″W,-68.97398987
26°17′47″N,26.29644346,99°31′06″W,-99.51843599
28°10′20″N,28.17214859,89°01′37″W,-89.02706429
40°21′39″N,40.36092113,103°11′31″W,-103.19207763
24°46′31″N,24.77522412,104°54′13″W,-104.9035326
34°10′06″N,34.16846218,119°22′44″W,-119.37877591
43°01′44″N,43.02887132,116°41′56″W,-116.69878854
46°18′16″N,46.30455893,71°15′27″W,-71.25749796
34°08′38″N,34.1438551,91°57′24″W,-91.95673293
33°07′55″N,33.13192916,105°07′21″W,-105.122634
27°33′42″N,27.5615845,105°44′24″W,-105.74007135
36°47′24″N,36.79001324,92°32′35″W,-92.54315457
25°52′59″N,25.88339456,85°34′05″W,-85.56813517
25°19′44″N,25.32894118,84°02′12″W,-84.03678832
30°08′22″N,30.13937554,68°19′16″W,-68.32109004
30°47′00″N,30.78327675,98°48′15″W,-98.80419157
45°55′57″N,45.93263621,101°20′18″W,-101.33825582
28°43′10″N,28.71956611,80°31′41″W,-80.52802367
29°26′48″N,29.44667372,88°35′05″W,-88.5848579
44°31′40″N,44.52773962,85°01′31″W,-85.02537506
33°40′34″N,33.67607937,73°20′45″W,-73.34594069
30°29′20″N,30.48899452,86°46′13″W,-86.77029066
26°07′55″N,26.13194667,67°28′34″W,-67.47617531
38°43′10″N,38.71944857,69°45′17″W,-69.75478644
32°26′52″N,32.44782166,84°54′37″W,-84.91023961
39°34′15″N,39.57088931,69°02′03″W,-69.03423351
32°45′37″N,32.76020207,80°37′08″W,-80.61889398
46°42′13″N,46.70370489,103°56′02″W,-103.93383491
40°13′39″N,40.22741576,113°29′43″W,-113.49533563
43°51′05″N,43.85130229,92°25′26″W,-92.42382865
36°23′47″N,36.39644005,114°53′39″W,-114.89408348
27°17′12″N,27.28670319,81°01′51″W,-81.03082071
32°48′06″N,32.80167271,82°30′31″W,-82.50872942
46°16′59″N,46.28336198,79°58′47″W,-79.97963172
37°37′39″N,37.62738181,98°21′37″W,-98.36038672
26°38′17″N,26.63816233,83°31′44″W,-83.52896796
34°35′29″N,34.59127738,108°40′04″W,-108.66771906
25°55′38″N,25.92731739,119°59′41″W,-119.99482247
47°12′53″N,47.21485419,96°16′23″W,-96.27312711
40°16′02″N,40.26712704,108°59′29″W,-108.99134089
35°32′21″N,35.53925178,96°00′36″W,-96.00998297
47°39′45″N,47.66255033,79°02′26″W,-79.0404463
31°44′28″N,31.74113074,113°21′06″W,-113.35172956
30°09′33″N,30.15908762,75°15′53″W,-75.26464963
40°42′21″N,40.70572182,68°27′05″W,-68.45134899
29°03′17″N,29.05477039,80°11′18″W,-80.18833081
28°45′47″N,28.76312168,70°15′48″W,-70.26327398
26°51′07″N,26.85193999,96°57′47″W,-96.9631293
45°55′31″N,45.92520755,123°01′47″W,-123.02972458
32°33′02″N,32.55061067,70°50′37″W,-70.8435173
39°23′30″N,39.39167509,98°34′27″W,-98.57420392
32°19′18″N,32.32164403,71°09′18″W,-71.15494181
42°06′08″N,42.10235815,71°54′29″W,-71.90797882
45°07′24″N,45.1233613,97°05′24″W,-97.08988173
47°39′22″N,47.65608491,122°19′41″W,-122.32800263
33°31′12″N,33.51988216,75°32′06″W,-75.53500105
44°34′17″N,44.57132467,118°31′59″W,-118.53297791
32°32′33″N,32.5425272,86°11′45″W,-86.19584327
30°13′07″N,30.21855125,105°29′07″W,-105.48519416
27°31′02″N,27.51732614,120°54′49″W,-120.91356165
43°14′24″N,43.24001814,72°49′40″W,-72.82784541
39°18′30″N,39.3084265,95°56′51″W,-95.94756961
43°20′00″N,43.33338267,73°49′02″W,-73.81716037
24°47′25″N,24.79018474,116°30′25″W,-116.50688186
25°56′09″N,25.93585671,116°27′43″W,-116.46191571
25°48′48″N,25.81345458,100°03′04″W,-100.05103813
45°16′13″N,45.27038266,89°35′05″W,-89.58470906
30°38′22″N,30.63938875,82°18′12″W,-82.30346575
26°50′03″N,26.8342339,114°25′13″W,-114.42037113
31°30′59″N,31.51651857,92°41′28″W,-92.69103201
45°59′45″N,45.99570488,122°59′58″W,-122.99936371
43°19′57″N,43.3325047,71°46′22″W,-71.77278695
38°47′56″N,38.79888375,71°03′43″W,-71.06187789
29°46′48″N,29.78007581,108°18′23″W,-108.30626734
41°59′32″N,41.99231764,102°42′06″W,-102.70160696
37°18′39″N,37.31070532,106°43′48″W,-106.72999027
47°44′07″N,47.73534008,70°15′59″W,-70.26635429
45°38′35″N,45.6429518,111°45′01″W,-111.75027872
44°49′39″N,44.82751694,99°45′37″W,-99.76041008
38°01′19″N,38.02198238,117°59′52″W,-117.99786945
25°10′08″N,25.16878784,72°52′56″W,-72.88220121
45°41′47″N,45.69625238,107°59′01″W,-107.98351854
46°33′10″N,46.5529066,110°07′17″W,-110.12141365
31°46′40″N,31.77791093,114°17′16″W,-114.28776942
48°12′09″N,48.20259985,98°35′36″W,-98.59320132
27°19′33″N,27.32581243,123°52′12″W,-123.86988491
27°03′36″N,27.06004789,80°06′34″W,-80.10952423
27°20′22″N,27.3395567,93°55′59″W,-93.93314961
32°18′57″N,32.3157376,80°22′04″W,-80.36780807
37°46′58″N,37.78270561,69°18′04″W,-69.30109723
31°27′17″N,31.45479708,103°44′42″W,-103.74493683
37°23′19″N,37.38869258,113°32′24″W,-113.53993367
31°22′26″N,31.3739903,103°55′26″W,-103.92387506
47°17′23″N,47.28959373,114°41′27″W,-114.69072104
32°06′36″N,32.10987685,88°27′09″W,-88.45238163
27°40′10″N,27.66946339,101°06′28″W,-101.10780944
46°19′11″N,46.31979586,95°24′03″W,-95.40085114
25°26′24″N,25.44004745,82°11′23″W,-82.18984307
37°05′39″N,37.09410109,116°27′26″W,-116.45715857
45°02′30″N,45.04156434,121°25′53″W,-121.43142509
47°13′05″N,47.21816564,95°57′30″W,-95.95825996
32°15′06″N,32.25161421,106°50′33″W,-106.84251959
27°38′05″N,27.6347059,78°09′40″W,-78.16111177
33°30′15″N,33.50422409,83°12′14″W,-83.20383422
28°02′06″N,28.03498193,80°25′42″W,-80.42846872
45°42′10″N,45.70273282,79°23′48″W,-79.396702
32°46′30″N,32.77487739,92°39′44″W,-92.66230941
45°43′02″N,45.71728956,91°42′15″W,-91.70417869
42°22′56″N,42.3822916,90°50′39″W,-90.84404025
26°21′19″N,26.35533601,95°06′22″W,-95.10615046
30°52′00″N,30.86680267,119°42′04″W,-119.70121453
31°17′03″N,31.28407424,107°52′14″W,-107.87059679
37°32′03″N,37.53403165,110°58′20″W,-110.97223078
38°09′31″N,38.15853455,119°59′15″W,-119.98753179
32°20′16″N,32.33778496,85°26′42″W,-85.44508177
36°11′10″N,36.18607804,83°00′13″W,-83.00349108
31°56′38″N,31.94402496,92°55′38″W,-92.92723899
38°29′20″N,38.48885406,116°35′30″W,-116.59178148
30°43′27″N,30.72409404,81°54′16″W,-81.90443112
39°22′34″N,39.37608657,98°12′11″W,-98.20297565
36°09′10″N,36.15275015,87°16′10″W,-87.26952774
29°21′46″N,29.36291508,108°24′18″W,-108.40512913
45°29′20″N,45.4887992,82°11′19″W,-82.18853352
39°40′27″N,39.67425126,99°33′11″W,-99.55308006
31°42′23″N,31.70651325,86°27′46″W,-86.46271439
24°47′46″N,24.79620259,95°46′41″W,-95.77803399
47°21′53″N,47.36463934,84°52′51″W,-84.88083046
30°32′35″N,30.54295135,71°53′35″W,-71.89298131
38°26′07″N,38.43525809,106°58′04″W,-106.96778896
28°39′25″N,28.65695427,119°29′32″W,-119.49233557
30°26′52″N,30.44772588,83°46′11″W,-83.76970739
34°35′14″N,34.58711737,91°35′24″W,-91.5899993
28°20′36″N,28.34326746,97°51′23″W,-97.85627568
28°50′59″N,28.84976363,117°38′35″W,-117.64300631
37°44′09″N,37.73569573,111°49′46″W,-111.82931681
45°29′01″N,45.48367941,122°16′29″W,-122.27480373
49°06′35″N,49.10985374,101°33′12″W,-101.55344827
38°26′18″N,38.43822911,72°03′02″W,-72.05064561
29°10′29″N,29.17463674,111°16′47″W,-111.27966598
30°53′32″N,30.89222727,112°24′31″W,-112.40853882
45°31′59″N,45.53300283,90°52′01″W,-90.86707575
34°47′23″N,34.7896275,105°03′46″W,-105.06264692
35°58′20″N,35.97214088,84°54′53″W,-84.91460031
40°22′29″N,40.3748463,85°17′26″W,-85.29044567
35°13′59″N,35.2330179,96°59′35″W,-96.99312568
27°18′24″N,27.30673797,102°10′17″W,-102.17145976
26°49′31″N,26.82535055,78°03′42″W,-78.06166893
34°17′27″N,34.29078566,75°38′06″W,-75.63507242
27°36′43″N,27.61185257,78°27′50″W,-78.46375782
25°18′50″N,25.31383364,97°40′09″W,-97.66912555
39°50′12″N,39.83664499,82°13′42″W,-82.22847027
32°51′20″N,32.8554793,89°22′13″W,-89.37021347
37°18′24″N,37.30669243,121°13′13″W,-121.22039144
33°21′37″N,33.36028339,106°15′23″W,-106.25648318
32°04′00″N,32.06667613,80°30′44″W,-80.51227906
38°50′25″N,38.84030361,89°04′27″W,-89.07430425
39°36′55″N,39.61540579,121°38′03″W,-121.63412755
24°59′54″N,24.99839502,89°34′09″W,-89.56930454
40°57′30″N,40.95822481,124°25′08″W,-124.41897794
41°46′42″N,41.77828615,92°20′44″W,-92.3454773
31°18′24″N,31.30674752,70°47′12″W,-70.78665618
39°03′25″N,39.05694556,80°23′46″W,-80.39618751
40°55′18″N,40.92180196,96°07′48″W,-96.12997855
30°16′44″N,30.27876992,80°56′31″W,-80.94182282
39°27′49″N,39.46352672,75°31′10″W,-75.51956467
38°30′49″N,38.51351923,118°27′03″W,-118.4509414
25°59′32″N,25.99214953,81°37′25″W,-81.62354749
31°48′41″N,31.81147563,118°51′31″W,-118.85874512
33°52′19″N,33.87197396,113°42′26″W,-113.70723345
40°29′06″N,40.48500543,112°44′40″W,-112.74443712
42°58′59″N,42.98312464,108°52′32″W,-108.87557193
26°12′49″N,26.21361047,95°02′28″W,-95.04097371
43°17′10″N,43.28601499,83°25′42″W,-83.42820072
36°05′32″N,36.0922192,89°53′58″W,-89.89946876
26°28′22″N,26.47268901,94°36′30″W,-94.60827632
48°05′38″N,48.09389618,99°33′56″W,-99.56555408
37°45′38″N,37.760527,103°28′47″W,-103.4798416
28°08′23″N,28.13961126,87°54′34″W,-87.90955501
30°31′32″N,30.52565756,80°47′31″W,-80.79202388
31°32′43″N,31.54533438,70°28′13″W,-70.47017421
33°20′33″N,33.34255765,76°53′34″W,-76.89279597
32°29′42″N,32.49511932,102°56′15″W,-102.93762879
39°01′05″N,39.01803518,73°21′17″W,-73.35479322
29°42′11″N,29.70304889,81°38′36″W,-81.64336348
33°30′34″N,33.50932053,91°07′56″W,-91.13232581
38°04′39″N,38.07744657,122°31′32″W,-122.52543607
39°25′24″N,39.4232556,100°53′21″W,-100.8891323
40°22′09″N,40.3690409,101°51′22″W,-101.85611159
37°25′13″N,37.42029142,79°03′53″W,-79.06471495
32°04′22″N,32.07271972,94°34′33″W,-94.57579715
27°35′56″N,27.59888033,77°32′45″W,-77.54579573
29°53′27″N,29.89073558,118°00′40″W,-118.01099573
47°59′48″N,47.99675321,107°01′24″W,-107.02338808
28°02′29″N,28.04147635,122°03′37″W,-122.06030719
45°49′07″N,45.81852331,69°19′59″W,-69.33320048
31°47′26″N,31.79062461,94°57′42″W,-94.96170867
40°40′12″N,40.67003888,92°27′51″W,-92.46411026
45°19′21″N,45.32253653,81°56′52″W,-81.94784362
40°59′54″N,40.99819925,93°11′04″W,-93.18439311
39°06′08″N,39.10226756,110°13′41″W,-110.22803711
40°46′57″N,40.78246301,110°17′30″W,-110.29177181
42°29′20″N,42.48882958,116°26′37″W,-116.44362123
30°15′08″N,30.25225125,115°25′39″W,-115.42759965
46°18′35″N,46.3095847,106°49′04″W,-106.81790638
32°17′14″N,32.28718114,117°30′17″W,-117.50459852
27°48′35″N,27.80968368,105°09′02″W,-105.15044758
25°15′27″N,25.2573867,119°25′09″W,-119.4192648
35°55′41″N,35.92808254,105°32′04″W,-105.5343674
32°50′16″N,32.83785839,81°35′42″W,-81.59499822
41°41′58″N,41.69938186,99°46′05″W,-99.76811894
39°16′39″N,39.27743821,75°23′31″W,-75.39206718
35°16′20″N,35.27228668,119°28′01″W,-119.46704563
34°13′25″N,34.22373568,84°05′02″W,-84.08391944
27°25′12″N,27.42001734,120°06′48″W,-120.1133248
30°01′19″N,30.02203759,110°06′31″W,-110.10856635
25°18′04″N,25.30114658,106°27′55″W,-106.46529681
33°00′25″N,33.00683873,117°02′58″W,-117.04931739
45°21′57″N,45.36574911,99°41′48″W,-99.69678274
46°41′10″N,46.68602537,123°35′26″W,-123.59056434
27°05′08″N,27.08559582,91°26′24″W,-91.43993795
30°59′12″N,30.98662425,84°21′11″W,-84.35316963
42°34′34″N,42.57615008,115°53′42″W,-115.89511807
31°59′01″N,31.98363788,121°18′35″W,-121.30980714
40°55′29″N,40.92470114,96°19′39″W,-96.3275831
27°29′22″N,27.48933138,121°16′38″W,-121.27732952
28°15′57″N,28.2658441,118°24′42″W,-118.41172799
31°12′03″N,31.20087891,69°26′13″W,-69.43681025
44°37′18″N,44.6217593,122°09′58″W,-122.16606629
30°52′20″N,30.87215786,68°08′47″W,-68.14652624
37°42′20″N,37.70556917,68°10′47″W,-68.1797988
33°52′22″N,33.87281575,83°18′39″W,-83.3109563
36°48′24″N,36.80654996,68°43′23″W,-68.72299402
32°11′40″N,32.19458333,92°58′02″W,-92.96711712
26°52′37″N,26.87695639,97°06′23″W,-97.10642346
40°41′04″N,40.68449415,117°34′59″W,-117.58338879
29°08′59″N,29.15002837,76°40′18″W,-76.67154127
44°53′59″N,44.89990112,86°51′35″W,-86.8597183
41°20′55″N,41.34855613,75°06′38″W,-75.11057763
28°47′22″N,28.78950599,81°34′23″W,-81.57316706
41°37′14″N,41.62050238,113°41′59″W,-113.69984317
35°37′14″N,35.62045152,85°05′16″W,-85.08788479
40°04′20″N,40.07210293,68°58′27″W,-68.97426008
37°22′02″N,37.36709037,113°01′21″W,-113.02260813
48°04′22″N,48.07270567,112°22′19″W,-112.37186377
35°33′05″N,35.5513458,88°12′52″W,-88.21441282
32°11′11″N,32.18631403,107°15′14″W,-107.25398592
26°09′04″N,26.15109802,108°09′56″W,-108.16542878
46°57′31″N,46.95860102,119°17′07″W,-119.28532741
48°16′38″N,48.27720675,96°44′08″W,-96.73560579
28°02′26″N,28.04061588,114°17′26″W,-114.29068426
36°45′15″N,36.75420017,80°40′15″W,-80.67081442
31°02′42″N,31.0450117,97°59′32″W,-97.99208397
38°36′26″N,38.60727437,109°56′15″W,-109.93755305
32°38′37″N,32.64362381,76°29′23″W,-76.48964493
29°32′43″N,29.54528268,76°59′08″W,-76.98568206
45°15′20″N,45.25542705,90°02′30″W,-90.04171823
30°41′59″N,30.69970676,85°27′30″W,-85.45845986
27°55′11″N,27.91974544,100°49′46″W,-100.82952393
30°09′29″N,30.1580078,101°35′30″W,-101.59176201
47°20′04″N,47.3343487,72°14′09″W,-72.23587103
39°45′59″N,39.76635089,78°42′10″W,-78.70265467
42°42′00″N,42.70007261,117°53′09″W,-117.88592643
27°52′49″N,27.880232,79°50′59″W,-79.849721
46°04′10″N,46.06954065,100°28′55″W,-100.48205849
38°39′04″N,38.65097513,118°02′38″W,-118.04383996
47°27′25″N,47.45692768,72°51′55″W,-72.8651511
48°56′03″N,48.93409988,107°37′43″W,-107.62852486
49°15′29″N,49.25798851,83°54′24″W,-83.90670186
24°56′25″N,24.94023647,90°00′35″W,-90.00968338
48°33′12″N,48.55321106,98°11′34″W,-98.19264347
24°44′36″N,24.74344624,113°04′43″W,-113.07867916
46°45′50″N,46.76393665,121°12′44″W,-121.21234094
26°21′50″N,26.36380494,95°41′01″W,-95.68366262
32°52′46″N,32.87937247,70°32′11″W,-70.53640072
33°07′08″N,33.11901786,94°12′48″W,-94.21326397
38°56′23″N,38.93969315,123°27′03″W,-123.4509037
26°27′08″N,26.45213931,87°14′50″W,-87.24714633
37°54′37″N,37.91017388,84°13′28″W,-84.22450174
28°12′05″N,28.20147293,89°09′44″W,-89.1622797
28°37′44″N,28.62898905,86°00′57″W,-86.01582656
44°28′22″N,44.4728582,92°13′39″W,-92.22743608
43°53′39″N,43.89413168,77°43′39″W,-77.72758911
29°35′27″N,29.59072698,84°41′26″W,-84.69059454
38°17′05″N,38.28463088,73°28′00″W,-73.46665456
44°09′01″N,44.15032706,103°44′57″W,-103.74915928
49°09′43″N,49.16205737,123°26′42″W,-123.44495716
41°03′41″N,41.06130246,101°26′59″W,-101.44971585
24°56′26″N,24.94042489,77°45′57″W,-77.76573386
39°10′18″N,39.17165561,82°45′26″W,-82.75720699
41°58′33″N,41.97580743,89°09′44″W,-89.16219984
35°44′37″N,35.74373505,123°39′58″W,-123.66612937
34°29′30″N,34.49174006,73°00′42″W,-73.01175377
44°16′17″N,44.27138404,97°08′01″W,-97.1337152
26°58′37″N,26.97699417,77°18′17″W,-77.3046131
47°39′42″N,47.66176486,91°43′55″W,-91.73196295
25°49′59″N,25.83320767,92°07′49″W,-92.13037823
38°55′02″N,38.91724248,103°54′52″W,-103.91434593
36°17′42″N,36.29506786,75°40′19″W,-75.67187693
32°22′48″N,32.38000343,96°09′15″W,-96.15412936
45°06′49″N,45.11360203,68°11′54″W,-68.19843528
28°27′32″N,28.45884826,84°26′44″W,-84.44560078
37°36′28″N,37.607737,84°53′33″W,-84.8924424
39°38′06″N,39.63496359,72°50′36″W,-72.8434491
37°27′04″N,37.45097856,90°00′41″W,-90.01131205
47°16′20″N,47.27210658,86°20′48″W,-86.3467997
40°33′44″N,40.56235923,104°21′45″W,-104.36238041
46°36′46″N,46.61285637,83°19′58″W,-83.33281174
45°38′04″N,45.63446535,118°00′28″W,-118.00788286
34°47′15″N,34.7875555,70°27′10″W,-70.45274466
29°34′32″N,29.57550286,119°30′06″W,-119.50160543
28°34′57″N,28.58252491,81°40′26″W,-81.6737593
41°42′43″N,41.7118994,114°47′38″W,-114.79395153
27°07′43″N,27.12870803,120°47′40″W,-120.79452072
33°56′46″N,33.94612015,121°47′13″W,-121.78706065
46°56′44″N,46.94541715,112°10′20″W,-112.17225602
37°49′30″N,37.82513702,99°59′57″W,-99.99910721
33°10′07″N,33.16860868,71°59′58″W,-71.99948486
27°00′17″N,27.00467656,113°17′43″W,-113.29529956
39°20′52″N,39.34766745,98°14′21″W,-98.23910501
28°12′18″N,28.20504184,99°32′18″W,-99.5382317
42°00′22″N,42.00614989,114°26′15″W,-114.43747257
43°13′18″N,43.22155622,76°50′50″W,-76.8473427
39°56′25″N,39.94034436,110°20′41″W,-110.34485345
29°56′23″N,29.93982274,97°59′03″W,-97.98422129
40°51′25″N,40.85699994,78°33′52″W,-78.56443545
42°54′16″N,42.90454742,101°29′39″W,-101.49413807
30°34′06″N,30.56831578,112°54′40″W,-112.9110611
40°05′12″N,40.08673597,87°36′23″W,-87.6064841
46°41′06″N,46.68510954,120°05′16″W,-120.08766032
25°26′28″N,25.44121151,73°17′42″W,-73.29498656
47°08′46″N,47.1461764,108°49′19″W,-108.82182738
49°01′26″N,49.02380779,79°20′02″W,-79.33387744
28°33′17″N,28.55479233,84°17′14″W,-84.28721298
47°33′16″N,47.5545274,120°34′59″W,-120.58301812
26°02′15″N,26.03753795,107°22′37″W,-107.37705082
44°39′42″N,44.66160674,93°18′01″W,-93.30015044
27°03′56″N,27.06568312,79°40′30″W,-79.67490146
40°45′06″N,40.75172048,75°26′23″W,-75.43960881
34°31′48″N,34.5300255,93°07′58″W,-93.13286762
44°36′28″N,44.6076808,122°06′16″W,-122.10434115
31°36′55″N,31.61533818,102°33′36″W,-102.5599886
26°16′22″N,26.27282538,83°04′09″W,-83.06921937
35°07′51″N,35.13071061,67°48′44″W,-67.81233179
48°09′49″N,48.16357908,97°43′37″W,-97.72694204
36°16′06″N,36.26846935,70°34′50″W,-70.58058113
37°17′59″N,37.29970866,71°28′54″W,-71.4816821
25°56′34″N,25.94280097,75°51′19″W,-75.85531037
27°40′23″N,27.67308335,93°30′48″W,-93.51326241
44°26′35″N,44.4429758,91°52′30″W,-91.87505905
26°27′10″N,26.45280294,74°46′11″W,-74.76976423
33°16′36″N,33.27674996,69°28′19″W,-69.47181469
30°27′59″N,30.46671728,107°23′19″W,-107.3885527
34°47′24″N,34.7900299,89°26′50″W,-89.44735895
38°00′12″N,38.00319618,85°56′35″W,-85.94293015
37°08′26″N,37.14051487,88°52′27″W,-88.87427501
29°28′40″N,29.47777242,99°42′32″W,-99.70889447
41°34′06″N,41.56843658,105°00′54″W,-105.01508494
48°46′44″N,48.77889454,75°04′43″W,-75.07856322
48°40′48″N,48.67987824,77°44′43″W,-77.7454079
41°23′40″N,41.39432811,120°25′54″W,-120.43163356
34°50′03″N,34.83419099,120°57′41″W,-120.96146935
24°54′33″N,24.90915511,96°48′44″W,-96.81230522
34°13′18″N,34.22163999,79°27′37″W,-79.46034235
25°12′06″N,25.20164796,114°22′27″W,-114.37405323
48°20′25″N,48.3403237,110°35′46″W,-110.59604046
43°50′42″N,43.84491075,116°16′59″W,-116.28294983
33°08′31″N,33.14204622,71°25′34″W,-71.42605854
44°44′36″N,44.74324632,107°50′34″W,-107.84282443
34°39′55″N,34.66532892,92°38′19″W,-92.6385546
31°27′59″N,31.46667176,87°17′45″W,-87.29577328
41°03′12″N,41.05326225,110°42′43″W,-110.7120204
25°25′14″N,25.42049911,106°50′18″W,-106.83823087
43°38′01″N,43.63373493,101°23′47″W,-101.39629193
32°49′14″N,32.82046299,72°45′54″W,-72.76486914
33°07′51″N,33.13089795,76°28′28″W,-76.47454297
38°33′46″N,38.56284554,92°38′56″W,-92.64902662
31°56′33″N,31.94262025,105°00′45″W,-105.01248556
48°26′23″N,48.43970255,106°21′12″W,-106.35328687
35°42′40″N,35.7111957,98°29′07″W,-98.48523293
25°49′27″N,25.82418163,68°58′43″W,-68.97859927
44°32′41″N,44.54470514,124°17′26″W,-124.29044891
28°28′44″N,28.47877781,101°36′46″W,-101.61273353
38°03′27″N,38.05743996,74°44′05″W,-74.73468057
32°50′17″N,32.83806745,124°11′31″W,-124.19187945
42°03′58″N,42.06608421,107°42′51″W,-107.71426408
43°01′57″N,43.03242876,69°59′23″W,-69.98985284
32°40′59″N,32.6829992,84°06′14″W,-84.10388994
48°59′19″N,48.98856823,94°25′06″W,-94.41830734
48°52′49″N,48.88024426,100°48′17″W,-100.80475838
42°06′00″N,42.09992907,69°27′43″W,-69.46192246
29°37′52″N,29.63121783,72°51′48″W,-72.86344778
37°13′06″N,37.21844647,121°08′08″W,-121.1354658
39°19′10″N,39.31936351,93°00′49″W,-93.01365243
47°02′32″N,47.04226268,104°46′17″W,-104.77150652
34°25′48″N,34.43001932,88°15′14″W,-88.2539053
48°34′10″N,48.56944403,124°43′27″W,-124.72417748
37°05′34″N,37.09282031,74°30′31″W,-74.50847288
28°43′34″N,28.72614244,73°37′30″W,-73.62495788
42°32′01″N,42.53366883,95°37′54″W,-95.63157651
47°48′24″N,47.80654474,75°53′27″W,-75.89084717
45°11′26″N,45.19047841,106°29′44″W,-106.49567122
45°38′53″N,45.64807511,98°53′05″W,-98.88467907
33°44′21″N,33.73917313,103°47′33″W,-103.79240093
28°16′37″N,28.27683238,79°04′52″W,-79.08116723
40°32′10″N,40.53610146,88°25′16″W,-88.42118579
32°18′29″N,32.30798827,84°38′05″W,-84.63484829
36°25′39″N,36.42751779,95°58′03″W,-95.96739693
37°02′41″N,37.04467049,124°20′58″W,-124.34930622
27°05′10″N,27.08620271,101°46′23″W,-101.77295423
32°26′24″N,32.4398941,101°20′46″W,-101.34605736
28°04′22″N,28.07277314,87°15′00″W,-87.25006823
46°53′38″N,46.89378287,121°20′31″W,-121.34199783
34°45′37″N,34.7602055,114°50′17″W,-114.83800466
29°46′51″N,29.78081744,113°29′07″W,-113.48523994
38°33′06″N,38.5517456,114°35′59″W,-114.59963512
38°59′22″N,38.98948044,106°05′15″W,-106.08743909
26°42′34″N,26.70941757,102°09′42″W,-102.16165367
38°07′39″N,38.12756721,75°01′37″W,-75.02703062
43°06′25″N,43.10707703,96°20′19″W,-96.33860939
43°24′57″N,43.41586409,81°56′03″W,-81.93411646
33°17′24″N,33.29012814,99°39′01″W,-99.65041128
32°24′41″N,32.41143034,69°49′43″W,-69.82871895
36°30′42″N,36.51180172,77°17′11″W,-77.28635061
48°35′13″N,48.5869768,121°36′53″W,-121.61467939
38°18′26″N,38.30709991,95°31′11″W,-95.51969372
39°22′09″N,39.3691852,94°10′49″W,-94.18036088
25°50′35″N,25.84294498,102°07′48″W,-102.12994158
34°35′16″N,34.58785261,82°13′42″W,-82.22846152
25°06′29″N,25.10816156,69°47′29″W,-69.79142441
25°44′29″N,25.74151004,67°02′56″W,-67.04896889
31°10′13″N,31.17024515,83°05′05″W,-83.08461235
34°07′45″N,34.12926184,77°28′21″W,-77.47238211
30°33′03″N,30.55092691,90°15′16″W,-90.25448483
48°57′01″N,48.95017146,100°21′32″W,-100.35876219
29°20′59″N,29.34984381,116°38′27″W,-116.64096285
43°01′52″N,43.03110566,104°26′11″W,-104.43649865
31°17′04″N,31.28444592,123°13′47″W,-123.22961273
34°10′38″N,34.17719404,73°52′16″W,-73.87110632
48°56′51″N,48.9474133,120°35′12″W,-120.58655665
48°47′32″N,48.79210502,82°31′16″W,-82.52099996
40°48′59″N,40.81632072,107°24′10″W,-107.40280105
43°03′58″N,43.06600327,122°27′20″W,-122.4556425
31°43′41″N,31.72795819,103°15′25″W,-103.2569207
41°24′51″N,41.41418655,120°17′42″W,-120.29508968
28°36′28″N,28.60774478,71°14′19″W,-71.23862388
48°24′28″N,48.40785273,117°07′21″W,-117.12241659
45°37′19″N,45.62180765,76°09′30″W,-76.15842973
32°52′51″N,32.88076608,80°37′59″W,-80.63304868
42°54′21″N,42.90596704,82°02′41″W,-82.04475725
31°01′57″N,31.0326086,87°59′14″W,-87.98734148
31°57′44″N,31.96210884,89°52′58″W,-89.88282783
43°54′23″N,43.90639688,101°01′07″W,-101.0186096
37°43′31″N,37.72539958,118°18′23″W,-118.30644158
32°40′11″N,32.66968738,88°25′48″W,-88.42996811
32°25′14″N,32.42049539,98°41′24″W,-98.69012132
29°55′28″N,29.9245022,82°41′53″W,-82.69807397
32°57′12″N,32.95321854,99°06′44″W,-99.11211023
44°43′36″N,44.72657757,111°01′24″W,-111.02323682
48°48′35″N,48.80973493,73°07′52″W,-73.13115102
40°50′39″N,40.84403329,72°03′26″W,-72.05734924
31°18′13″N,31.30371228,116°47′31″W,-116.79196015
39°19′01″N,39.31706819,98°14′32″W,-98.24235169
27°20′40″N,27.34454121,92°54′54″W,-92.91503275
34°12′24″N,34.20674031,83°32′04″W,-83.53455564
49°08′03″N,49.13424213,89°08′25″W,-89.14016432
25°35′36″N,25.59343683,115°17′42″W,-115.29491123
46°47′21″N,46.78926069,105°29′44″W,-105.4955711
27°15′13″N,27.25359352,117°08′53″W,-117.14803433
34°57′34″N,34.95953593,83°20′55″W,-83.3484972
34°51′29″N,34.85818467,121°17′41″W,-121.29474799
25°38′23″N,25.63963764,72°55′53″W,-72.93150269
43°39′20″N,43.65545333,113°52′51″W,-113.88092102
29°03′16″N,29.05451373,109°38′20″W,-109.63875297
39°02′20″N,39.03880655,72°34′47″W,-72.57963233
26°08′14″N,26.13725215,97°06′49″W,-97.11374087
25°36′50″N,25.61389665,114°22′46″W,-114.37942055
46°50′57″N,46.84904698,100°40′44″W,-100.67892765
27°02′07″N,27.03533917,81°58′38″W,-81.97724843
29°11′35″N,29.19301241,94°43′12″W,-94.72003183
42°18′07″N,42.30190982,112°19′30″W,-112.32500991
38°39′15″N,38.65406567,79°26′40″W,-79.44457854
29°07′44″N,29.1288792,109°29′59″W,-109.49984474
48°27′47″N,48.46311773,92°19′31″W,-92.32528409
34°21′19″N,34.35528268,69°52′21″W,-69.87250217
48°54′47″N,48.91311199,86°27′57″W,-86.46578878
38°23′35″N,38.39296559,116°25′55″W,-116.43184288
30°49′01″N,30.81683133,70°40′10″W,-70.66936195
31°56′29″N,31.94136841,91°55′49″W,-91.93032739
25°36′04″N,25.6011672,88°46′34″W,-88.77620955
28°38′10″N,28.63602406,89°17′40″W,-89.29440658
44°47′08″N,44.78558924,122°21′54″W,-122.36491609
31°26′50″N,31.44734531,113°42′33″W,-113.70908663
40°25′59″N,40.43325308,97°52′04″W,-97.86789862
43°24′03″N,43.40079592,74°16′59″W,-74.28317582
27°30′55″N,27.51531173,117°39′09″W,-117.65238569
40°07′00″N,40.1167704,90°31′49″W,-90.53035698
26°09′14″N,26.1538571,76°09′05″W,-76.15143789
43°03′54″N,43.06512498,91°19′39″W,-91.32751856
40°22′15″N,40.37081416,108°29′21″W,-108.48917264
30°06′04″N,30.10118204,76°15′50″W,-76.26385311
46°00′35″N,46.00978697,122°17′05″W,-122.28479823
27°34′30″N,27.57507397,95°15′04″W,-95.25124903
36°52′43″N,36.87861085,124°36′28″W,-124.60775665
42°15′45″N,42.2624398,89°47′40″W,-89.79441809
40°45′00″N,40.74998907,108°45′58″W,-108.76612103
42°18′53″N,42.31480167,108°02′39″W,-108.0441963
35°50′34″N,35.84269272,80°59′08″W,-80.98544281
28°06′54″N,28.11501907,81°57′28″W,-81.95764428
45°32′10″N,45.53604575,119°42′58″W,-119.716212
43°29′49″N,43.49684797,87°27′52″W,-87.46450946
34°45′47″N,34.76318442,93°17′45″W,-93.29581191
27°10′23″N,27.17310008,69°27′54″W,-69.4649611
33°41′55″N,33.69852075,110°16′14″W,-110.27051598
29°46′37″N,29.77681818,98°02′44″W,-98.04556902
47°45′57″N,47.76576609,108°44′46″W,-108.74622194
28°49′35″N,28.82643075,96°25′00″W,-96.41679912
30°43′10″N,30.71945741,68°25′34″W,-68.42620432
44°52′14″N,44.87060415,88°07′27″W,-88.12427331
42°45′57″N,42.76570776,78°52′51″W,-78.88084884
36°38′29″N,36.6413896,94°57′27″W,-94.95746417
39°29′34″N,39.4928531,120°42′01″W,-120.70017949
32°28′39″N,32.47742562,94°45′01″W,-94.75015437
30°55′33″N,30.92583575,93°11′12″W,-93.18653194
40°25′19″N,40.42185708,101°45′31″W,-101.75874684
48°23′26″N,48.39061092,87°13′56″W,-87.23223765
40°42′00″N,40.70000007,91°35′35″W,-91.59307231
27°59′32″N,27.99229296,94°12′02″W,-94.20058471
36°46′36″N,36.77664582,70°56′30″W,-70.94176432
28°13′42″N,28.22827299,83°17′20″W,-83.28888583
47°13′08″N,47.21883624,110°43′45″W,-110.72922264
44°43′15″N,44.72089546,67°52′15″W,-67.87078884
47°23′14″N,47.38733889,79°15′41″W,-79.26129899
40°34′58″N,40.58265105,117°25′11″W,-117.41959911
39°13′43″N,39.22855494,94°29′59″W,-94.49966469
35°05′06″N,35.08508595,104°31′50″W,-104.53057086
33°21′11″N,33.35306762,72°47′54″W,-72.79841648
26°14′57″N,26.24915084,75°08′54″W,-75.14838296
33°58′25″N,33.97364863,115°29′08″W,-115.48548845
27°01′12″N,27.01993188,123°15′35″W,-123.25978797
39°59′19″N,39.98873462,72°26′43″W,-72.44517369
30°45′09″N,30.75248016,71°38′29″W,-71.64149906
43°03′42″N,43.0617496,92°36′39″W,-92.61077132
37°48′55″N,37.81533734,113°36′07″W,-113.60207629
42°15′54″N,42.26503219,87°16′10″W,-87.26957715
44°46′57″N,44.78240935,99°20′39″W,-99.34428443
41°53′25″N,41.89036299,96°24′23″W,-96.40648788
28°10′52″N,28.18115742,122°58′31″W,-122.97524805
33°09′01″N,33.15019109,105°51′34″W,-105.8593823
43°36′09″N,43.60243546,112°13′12″W,-112.21991005
47°17′28″N,47.29118655,121°21′46″W,-121.36272483
28°50′43″N,28.84533838,101°06′18″W,-101.10490402
47°43′49″N,47.73039243,115°05′31″W,-115.09194422
31°10′06″N,31.16837955,112°44′54″W,-112.74833464
47°12′41″N,47.21125868,79°07′04″W,-79.117863
28°48′02″N,28.80047142,77°20′10″W,-77.33600584
28°10′28″N,28.17444776,71°44′55″W,-71.74856114
24°50′36″N,24.84326607,92°48′16″W,-92.80447337
29°29′45″N,29.49582193,103°00′33″W,-103.00928788
32°35′50″N,32.59728257,111°16′40″W,-111.27773472
25°33′02″N,25.5504406,85°35′27″W,-85.59081417
30°26′00″N,30.43337957,94°43′21″W,-94.72261464
47°50′33″N,47.84245201,107°03′50″W,-107.06391422
47°51′09″N,47.85246351,96°53′39″W,-96.89408216
45°03′23″N,45.05642219,98°39′37″W,-98.66037083
45°06′46″N,45.11275426,119°12′41″W,-119.21133875
42°10′35″N,42.17647032,91°24′55″W,-91.41525896
37°44′22″N,37.73937038,121°53′36″W,-121.89336562
39°22′01″N,39.36694226,123°00′09″W,-123.00251272
40°08′40″N,40.14433458,100°54′40″W,-100.91105592
31°26′01″N,31.4336338,80°01′42″W,-80.02829614
30°11′34″N,30.19270946,87°10′35″W,-87.17629668
44°04′10″N,44.06934671,116°41′14″W,-116.68725182
37°45′59″N,37.76635195,92°09′43″W,-92.16190502
33°54′50″N,33.91387341,99°01′03″W,-99.01750785
40°16′07″N,40.26862632,75°30′51″W,-75.51419212
39°58′48″N,39.97997948,94°40′06″W,-94.66822911
46°52′52″N,46.88123516,89°56′15″W,-89.93754367
29°46′40″N,29.77787047,75°12′06″W,-75.20170772
48°07′14″N,48.12050473,72°35′49″W,-72.59693993
40°57′35″N,40.95976732,113°35′33″W,-113.59251939
29°22′44″N,29.37883832,123°36′33″W,-123.60923049
24°56′10″N,24.93603486,107°53′35″W,-107.89316016
43°26′08″N,43.43547746,69°02′59″W,-69.04976914
42°49′28″N,42.8243311,113°44′07″W,-113.73521199
30°03′23″N,30.05627367,82°36′01″W,-82.6002051
30°58′03″N,30.96756386,108°38′49″W,-108.64687639
48°07′21″N,48.12240783,113°00′29″W,-113.00801154
44°54′36″N,44.91009402,75°23′05″W,-75.38484801
31°33′40″N,31.56107279,114°04′54″W,-114.08170433
27°43′50″N,27.73049828,67°15′03″W,-67.25077745
31°31′19″N,31.52182166,101°29′48″W,-101.4965827
48°50′11″N,48.8364324,68°02′01″W,-68.03373868
37°14′46″N,37.24616722,114°45′00″W,-114.75001326
36°25′14″N,36.42049076,116°15′55″W,-116.26525431
27°22′42″N,27.37826624,87°08′23″W,-87.13981075
35°13′20″N,35.22232643,100°14′56″W,-100.24884426
25°54′32″N,25.90891251,81°05′56″W,-81.09894491
31°18′51″N,31.31417843,77°34′50″W,-77.58063982
42°34′03″N,42.56738778,74°48′39″W,-74.8109058
32°55′33″N,32.92593911,78°01′19″W,-78.02198153
36°06′41″N,36.11133847,93°24′39″W,-93.41077736
28°07′25″N,28.12370695,112°46′35″W,-112.77629586
47°48′53″N,47.81469459,115°46′39″W,-115.77738156
48°57′32″N,48.95893372,82°26′35″W,-82.44305339
31°00′57″N,31.01587221,103°01′12″W,-103.01999652
27°50′31″N,27.84184924,97°29′16″W,-97.48783797
39°42′55″N,39.71524018,116°17′55″W,-116.29855742
33°40′25″N,33.67370891,101°40′07″W,-101.66849522
26°11′19″N,26.18855568,114°04′33″W,-114.07595721
35°35′25″N,35.59017575,97°10′27″W,-97.1741714
35°49′52″N,35.83108479,116°11′50″W,-116.19722486
27°22′47″N,27.37976401,79°33′38″W,-79.56043925
35°17′31″N,35.29203432,119°22′11″W,-119.36973402
37°41′14″N,37.68708495,80°04′28″W,-80.07457455
34°22′35″N,34.37652157,97°39′21″W,-97.6559568
27°18′30″N,27.30820997,69°27′04″W,-69.45098521
36°23′39″N,36.39411592,110°05′45″W,-110.09589613
45°21′42″N,45.3615783,97°51′53″W,-97.86476865
31°54′45″N,31.9125505,96°25′12″W,-96.41992038
30°31′13″N,30.52020129,123°49′47″W,-123.82966522
41°33′28″N,41.55780361,112°07′09″W,-112.11920004
40°08′02″N,40.13401275,108°39′12″W,-108.65323202
39°30′27″N,39.50758242,100°05′57″W,-100.09910977
26°00′35″N,26.00980512,69°44′38″W,-69.74390055
44°30′59″N,44.51635552,74°33′11″W,-74.5529845
33°31′18″N,33.52176329,86°57′26″W,-86.95709572
40°23′59″N,40.39961971,72°12′46″W,-72.21277872
29°39′36″N,29.65996954,91°26′19″W,-91.43857491
26°40′35″N,26.67631081,77°12′27″W,-77.20748267
41°55′16″N,41.92106146,80°14′12″W,-80.23679993
30°06′04″N,30.10104617,80°43′48″W,-80.7299683
38°32′06″N,38.53494964,87°35′39″W,-87.59402782
43°04′13″N,43.07040647,83°54′34″W,-83.90952272
33°16′19″N,33.27206938,109°52′08″W,-109.86889398
32°44′31″N,32.74194067,93°06′26″W,-93.10718422
25°47′25″N,25.79016763,111°53′48″W,-111.89675616
30°22′35″N,30.37627616,103°44′46″W,-103.74603817
41°30′40″N,41.51121042,71°21′32″W,-71.35885794
41°42′12″N,41.7033261,69°59′26″W,-69.99059635
44°46′47″N,44.77979384,109°59′23″W,-109.98972368
38°11′59″N,38.19980457,97°07′01″W,-97.11680795
25°23′30″N,25.39170266,120°36′04″W,-120.60099059
40°47′35″N,40.79304243,71°56′49″W,-71.94705833
26°28′55″N,26.48202444,68°43′57″W,-68.73260983
48°18′51″N,48.31408248,117°44′16″W,-117.73774882
43°42′09″N,43.70247324,91°43′48″W,-91.72989772
40°18′56″N,40.31554565,96°49′46″W,-96.82945227
45°52′00″N,45.86662891,106°09′02″W,-106.15065987
35°23′15″N,35.38748336,93°06′45″W,-93.11236124
26°11′22″N,26.18947423,90°01′55″W,-90.03189085
35°11′49″N,35.19704886,71°17′50″W,-71.29712015
28°58′34″N,28.97622786,69°47′29″W,-69.79146656
33°28′05″N,33.46806346,99°34′46″W,-99.57936426
34°51′44″N,34.86214743,77°31′19″W,-77.52184278
25°34′42″N,25.57841408,67°36′21″W,-67.60580156
28°42′36″N,28.71005215,81°45′44″W,-81.76226809
45°55′55″N,45.93196024,114°24′56″W,-114.41562852
32°02′18″N,32.03835661,75°48′16″W,-75.80457062
40°15′41″N,40.26136719,78°31′43″W,-78.52871157
30°33′26″N,30.5571505,96°26′22″W,-96.43940624
38°06′33″N,38.10923354,118°21′23″W,-118.35627267
32°02′02″N,32.03392076,92°47′04″W,-92.78431206
30°41′41″N,30.69481592,96°36′15″W,-96.60424215
37°07′12″N,37.11992113,119°43′27″W,-119.72409609
41°27′23″N,41.45643907,94°51′54″W,-94.86507205
30°40′36″N,30.67666362,87°22′29″W,-87.374685
38°11′52″N,38.19788164,106°18′08″W,-106.30229442
42°47′47″N,42.79644715,119°01′33″W,-119.02578831
44°01′03″N,44.01751995,74°55′26″W,-74.92377663
38°39′58″N,38.66618656,106°05′16″W,-106.0878996
35°44′06″N,35.73499865,116°09′46″W,-116.16271301
43°28′33″N,43.47578896,109°21′48″W,-109.36331175
32°24′07″N,32.4018952,97°04′18″W,-97.07160436
45°11′25″N,45.19021483,109°15′34″W,-109.25954501
45°19′16″N,45.32115316,91°35′17″W,-91.58813304
35°33′39″N,35.56074697,106°10′10″W,-106.16943327
32°00′07″N,32.00181847,123°23′20″W,-123.3888148
44°15′12″N,44.25345687,112°28′33″W,-112.47596723
25°57′33″N,25.95909866,109°44′22″W,-109.73948308
40°18′47″N,40.31314487,88°56′00″W,-88.93325019
37°52′17″N,37.87139485,76°33′05″W,-76.55132049
41°23′22″N,41.38937483,91°13′28″W,-91.22440065
35°16′39″N,35.27736368,87°04′40″W,-87.07775808
39°33′41″N,39.56143692,72°00′07″W,-72.00180805
48°35′04″N,48.584459,71°29′28″W,-71.49122754
37°06′11″N,37.10312486,104°26′29″W,-104.4414452
39°35′49″N,39.59692272,88°38′15″W,-88.63761922
31°04′16″N,31.07120191,117°07′41″W,-117.12811432
28°10′25″N,28.17361615,70°13′01″W,-70.21698703
44°03′49″N,44.06373317,123°59′44″W,-123.99553856
42°24′37″N,42.41035751,74°54′57″W,-74.91579254
45°02′59″N,45.04978808,122°19′59″W,-122.33320393
32°49′40″N,32.82775134,92°52′06″W,-92.86845563
36°24′40″N,36.41113236,120°12′34″W,-120.20957273
47°54′02″N,47.90050005,72°21′59″W,-72.36675336
31°01′36″N,31.02652847,71°43′47″W,-71.72973833
42°05′03″N,42.08425197,81°31′58″W,-81.53276952
33°34′27″N,33.57425738,90°35′39″W,-90.59428604
37°40′15″N,37.67096388,119°06′56″W,-119.11550594
33°24′17″N,33.40462746,87°32′25″W,-87.54039154
40°34′14″N,40.57063731,104°31′21″W,-104.52239662
45°43′47″N,45.72982438,79°11′15″W,-79.18737591
36°49′56″N,36.83216184,103°30′21″W,-103.50585011
48°29′43″N,48.49519813,82°56′09″W,-82.93592392
38°21′13″N,38.35364645,78°26′21″W,-78.4391129
27°31′34″N,27.52619842,116°37′22″W,-116.6226842
35°41′05″N,35.68474724,97°21′36″W,-97.35995757
41°48′11″N,41.80292354,106°36′32″W,-106.60900377
47°43′42″N,47.72844273,113°16′08″W,-113.26880627
46°39′11″N,46.65315082,94°07′59″W,-94.13309594
29°09′09″N,29.15241651,78°16′33″W,-78.27570884
33°44′03″N,33.73406912,112°26′59″W,-112.44970205
30°43′15″N,30.72094087,102°56′32″W,-102.94218477
38°54′08″N,38.90225849,70°38′41″W,-70.64468391
43°38′02″N,43.63378693,67°54′13″W,-67.90361388
29°25′43″N,29.42853358,115°33′21″W,-115.55591793
34°12′54″N,34.21511796,119°14′34″W,-119.24283389
30°26′06″N,30.43498075,99°57′03″W,-99.9509618
41°06′52″N,41.11433952,110°29′39″W,-110.49427484
47°13′59″N,47.23301828,110°27′45″W,-110.46251277
36°20′29″N,36.34138359,98°15′30″W,-98.25839584
26°49′09″N,26.81905149,112°21′57″W,-112.36574059
42°46′16″N,42.77122391,104°05′36″W,-104.09337303
29°31′16″N,29.52121649,78°08′32″W,-78.14235948
34°33′43″N,34.56192126,119°23′23″W,-119.3897407
40°02′40″N,40.04437184,94°53′24″W,-94.88994588
48°47′57″N,48.79906512,67°22′21″W,-67.3725189
28°09′44″N,28.16225897,119°25′48″W,-119.43000272
28°54′54″N,28.91494294,76°17′08″W,-76.28549881
47°46′24″N,47.77327409,106°00′09″W,-106.00242913
45°55′50″N,45.93060028,89°40′23″W,-89.67315528
35°08′14″N,35.13721297,94°31′44″W,-94.52887292
30°10′39″N,30.17751277,111°00′23″W,-111.00650509
41°43′16″N,41.72115631,104°30′46″W,-104.51280995
47°26′43″N,47.44540132,92°19′41″W,-92.32812438
30°11′05″N,30.18480479,90°11′09″W,-90.1857071
37°09′04″N,37.15109207,110°37′06″W,-110.61822426
35°14′22″N,35.23934675,85°41′39″W,-85.69406723
35°45′44″N,35.76235003,96°01′20″W,-96.0223138
25°12′17″N,25.20484534,119°13′14″W,-119.22043436
35°20′20″N,35.33890094,88°32′41″W,-88.54462026
43°22′15″N,43.37076911,113°51′59″W,-113.86668958
37°00′23″N,37.00642041,72°58′05″W,-72.96815592
38°00′15″N,38.00417346,101°35′17″W,-101.58801231
27°50′31″N,27.84181453,91°32′05″W,-91.53479387
49°01′32″N,49.02558596,95°44′53″W,-95.74811459
30°09′43″N,30.16197014,89°18′45″W,-89.31251119
26°33′31″N,26.55872568,97°01′05″W,-97.01817028
27°22′41″N,27.37818964,118°30′31″W,-118.5085488
29°56′14″N,29.93731243,72°09′41″W,-72.16133447
33°43′41″N,33.72792162,108°57′53″W,-108.96468629
35°45′48″N,35.76347139,77°59′11″W,-77.9863476
34°09′44″N,34.16217245,106°24′15″W,-106.40414586
36°39′55″N,36.66532588,89°30′22″W,-89.50603539
38°30′54″N,38.51496099,102°35′18″W,-102.58840487
31°05′53″N,31.09800468,105°54′26″W,-105.90733694
25°12′50″N,25.2140064,74°54′34″W,-74.90954347
39°51′50″N,39.86377605,120°13′41″W,-120.22799184
38°36′47″N,38.61315012,99°21′58″W,-99.36622888
41°53′06″N,41.88490928,78°26′15″W,-78.43756787
28°25′07″N,28.4185361,96°06′19″W,-96.10541058
42°32′10″N,42.53598756,101°07′27″W,-101.12405276
41°06′32″N,41.10882833,69°54′30″W,-69.90831016
43°32′40″N,43.54436745,106°38′40″W,-106.64437923
44°44′09″N,44.73586503,110°03′04″W,-110.05112106
34°55′43″N,34.92850112,86°35′19″W,-86.58858917
33°01′34″N,33.02601072,120°49′09″W,-120.81907955
42°25′53″N,42.43129114,121°25′05″W,-121.41800256
40°23′53″N,40.39808832,80°48′54″W,-80.81501449
45°34′37″N,45.57706852,78°06′57″W,-78.11575333
45°15′27″N,45.25754103,93°02′58″W,-93.04944482
25°58′23″N,25.97293334,86°16′11″W,-86.26978911
25°19′18″N,25.32180439,107°41′18″W,-107.68841106
26°29′41″N,26.49477842,98°24′30″W,-98.4084324
38°54′01″N,38.90021463,91°37′26″W,-91.62393864
27°41′00″N,27.68341117,124°30′23″W,-124.50651723
32°18′10″N,32.30279413,112°47′14″W,-112.78721775
27°17′21″N,27.28921711,75°20′22″W,-75.33948581
35°09′26″N,35.157178,99°49′35″W,-99.82635166
43°44′04″N,43.73446838,117°44′35″W,-117.74298381
32°37′24″N,32.62325307,93°35′54″W,-93.59834848
44°30′14″N,44.50381072,122°30′41″W,-122.51143182
33°23′52″N,33.39788211,114°38′24″W,-114.63986468
29°15′55″N,29.26520245,120°51′28″W,-120.85764498
31°49′11″N,31.81967283,113°45′00″W,-113.75012816
32°16′09″N,32.26903682,110°48′42″W,-110.81164929
29°09′38″N,29.16046297,123°09′23″W,-123.15645838
45°41′17″N,45.68817486,124°19′23″W,-124.32313639
31°15′03″N,31.25084092,85°56′46″W,-85.94609292
31°59′52″N,31.99786645,105°36′38″W,-105.61064217
46°19′18″N,46.3217844,84°15′49″W,-84.26369212
48°35′08″N,48.5855089,102°02′47″W,-102.04625074
28°45′21″N,28.75591643,91°28′42″W,-91.47826786
35°52′24″N,35.87345325,121°07′47″W,-121.12976073
34°48′37″N,34.81032063,86°43′26″W,-86.72390104
26°07′06″N,26.11829565,112°09′24″W,-112.15658027
31°51′41″N,31.86127725,119°30′24″W,-119.50670319
34°48′33″N,34.80906192,89°30′20″W,-89.50565426
36°54′36″N,36.90991754,82°32′54″W,-82.54829177
48°18′32″N,48.30876535,116°24′35″W,-116.40982733
30°16′53″N,30.28130926,116°45′14″W,-116.75394017
43°45′07″N,43.75200472,80°36′31″W,-80.60849908
42°06′27″N,42.10759531,67°34′11″W,-67.56981114
30°02′50″N,30.04716702,85°08′45″W,-85.14570991
45°27′32″N,45.45888806,114°19′09″W,-114.31904089
27°09′03″N,27.15091808,99°05′41″W,-99.09478723
44°12′26″N,44.20720209,115°45′20″W,-115.7556809
43°49′36″N,43.82669683,85°52′25″W,-85.87360426
28°50′43″N,28.84532911,105°57′25″W,-105.9568352
48°43′37″N,48.72708223,75°19′07″W,-75.31868243
30°31′32″N,30.52565111,78°51′13″W,-78.85366732
48°35′08″N,48.5855221,79°18′11″W,-79.30301517
25°45′33″N,25.75924179,111°40′17″W,-111.67128524
26°19′29″N,26.32463257,86°32′46″W,-86.54621101
34°48′49″N,34.81368943,108°57′26″W,-108.95721408
41°34′14″N,41.57045996,77°53′43″W,-77.89524558
26°41′24″N,26.69004218,85°57′01″W,-85.95021866
30°36′59″N,30.61652524,67°42′21″W,-67.70589764
41°00′54″N,41.01506876,123°09′37″W,-123.16040705
26°01′44″N,26.02879926,91°47′03″W,-91.78404261
30°08′25″N,30.14017356,105°27′54″W,-105.46504767
47°35′22″N,47.58940693,68°55′07″W,-68.9186004
28°55′46″N,28.92947647,98°08′21″W,-98.13919511
32°46′41″N,32.77813975,88°41′58″W,-88.69947193
41°01′11″N,41.01964196,71°09′39″W,-71.16074024
39°18′49″N,39.31366089,98°58′34″W,-98.9762479
31°07′59″N,31.13325878,77°08′21″W,-77.13926716
36°12′40″N,36.2111035,73°57′35″W,-73.95982027
49°17′51″N,49.29762003,67°28′57″W,-67.48252067
40°41′58″N,40.69956095,109°25′35″W,-109.42630154
39°14′12″N,39.23664951,106°21′24″W,-106.35654296
25°35′22″N,25.58935805,97°06′02″W,-97.10049308
48°20′06″N,48.33490602,112°43′27″W,-112.72416078
35°41′15″N,35.68757941,81°55′01″W,-81.91701244
30°50′24″N,30.83994319,77°12′58″W,-77.2162258
43°04′10″N,43.06937092,77°36′03″W,-77.60084405
35°07′17″N,35.12139345,87°15′18″W,-87.25505889
26°07′39″N,26.12744664,92°56′55″W,-92.94858473
33°43′51″N,33.73079094,93°26′58″W,-93.44953943
34°07′55″N,34.1318238,96°22′47″W,-96.37965623
45°15′31″N,45.25869608,101°07′31″W,-101.12518366
26°26′35″N,26.4431626,119°32′05″W,-119.53485944
27°30′23″N,27.50632798,110°38′58″W,-110.64933888
32°21′00″N,32.34998868,97°45′04″W,-97.75098481
40°03′26″N,40.05714084,104°11′37″W,-104.19373335
33°08′57″N,33.14909604,91°00′10″W,-91.00278748
41°27′25″N,41.45707477,108°44′14″W,-108.73708959
31°42′11″N,31.7030921,116°18′58″W,-116.31612235
25°38′18″N,25.63827467,98°01′48″W,-98.03011007
25°25′31″N,25.42522149,92°00′26″W,-92.00735231
43°57′27″N,43.95741058,101°30′12″W,-101.50343983
30°03′24″N,30.05655762,98°36′30″W,-98.60824116
32°00′59″N,32.01676392,93°24′01″W,-93.40015397
28°54′20″N,28.9054823,100°23′49″W,-100.39700768
35°23′16″N,35.3878747,113°46′30″W,-113.77510804
41°53′34″N,41.89276219,112°18′31″W,-112.30860384
38°37′29″N,38.62461729,112°32′53″W,-112.54806903
39°06′29″N,39.10809463,69°07′05″W,-69.11811918
44°48′15″N,44.80421962,84°27′10″W,-84.45265917
39°24′37″N,39.41024946,67°17′01″W,-67.28374579
31°01′17″N,31.02130695,79°02′45″W,-79.04588435
44°53′19″N,44.88866396,91°04′27″W,-91.07417142
44°45′04″N,44.75124744,85°15′26″W,-85.25731039
47°33′49″N,47.56365668,104°18′48″W,-104.31340696
36°22′43″N,36.37851601,122°01′21″W,-122.02248237
28°45′15″N,28.75425487,117°26′06″W,-117.4349544
26°07′23″N,26.12315784,85°44′11″W,-85.73650321
27°35′57″N,27.59918878,123°27′13″W,-123.4536447
32°42′45″N,32.7125466,100°38′28″W,-100.64101954
43°21′39″N,43.36086007,96°07′58″W,-96.13264095
27°50′23″N,27.83975161,82°30′22″W,-82.50618041
33°57′15″N,33.95415594,103°28′08″W,-103.46895614
39°25′52″N,39.43124708,70°28′07″W,-70.46849501
27°33′34″N,27.55936605,110°41′59″W,-110.69959855
27°28′35″N,27.47647298,109°47′45″W,-109.79576153
49°05′48″N,49.09661727,118°06′26″W,-118.10710348
31°16′29″N,31.27485892,79°16′42″W,-79.2784397
38°54′42″N,38.91170177,68°01′13″W,-68.02033435
25°48′43″N,25.81204377,107°06′37″W,-107.11015151
27°28′45″N,27.47917808,71°56′28″W,-71.94118973
25°06′47″N,25.113177,70°52′25″W,-70.87371768
31°37′13″N,31.62025658,96°29′49″W,-96.49696756
46°48′59″N,46.81650817,97°12′49″W,-97.21359434
36°16′15″N,36.27076587,105°34′22″W,-105.57288244
47°29′54″N,47.4982941,114°36′30″W,-114.60844545
29°50′38″N,29.84382856,98°25′43″W,-98.42859657
32°39′59″N,32.66637943,98°20′32″W,-98.34214997
29°58′48″N,29.9800987,96°44′24″W,-96.73998617
45°21′12″N,45.353236,113°48′05″W,-113.8012894
32°35′22″N,32.5894044,69°43′32″W,-69.72560305
28°34′51″N,28.58094436,110°59′56″W,-110.99886377
40°48′25″N,40.80687893,68°01′46″W,-68.02935354
36°43′17″N,36.7215065,105°08′35″W,-105.14294084
26°40′41″N,26.6781749,104°01′55″W,-104.03181822
27°01′25″N,27.02369465,68°28′57″W,-68.48251668
42°49′49″N,42.83032748,117°51′56″W,-117.86550536
41°11′28″N,41.19123226,67°55′09″W,-67.91919157
36°05′20″N,36.08892433,109°29′19″W,-109.48850717
35°06′29″N,35.10807573,119°12′50″W,-119.21385865
45°52′02″N,45.86710047,82°37′21″W,-82.62242145
33°00′48″N,33.01345928,85°30′28″W,-85.50791334
37°27′21″N,37.45576488,81°24′01″W,-81.40029696
41°59′09″N,41.98594244,73°18′11″W,-73.30315191
26°17′23″N,26.28982092,103°05′31″W,-103.09182761
47°02′30″N,47.0416519,108°18′32″W,-108.3088862
46°09′34″N,46.15939431,88°07′56″W,-88.13221212
41°08′56″N,41.14876854,79°27′19″W,-79.45535094
31°58′53″N,31.98125379,117°37′21″W,-117.62260508
47°31′03″N,47.51759515,80°58′20″W,-80.97234226
48°54′36″N,48.9101056,110°38′47″W,-110.64637452
24°51′05″N,24.85127863,98°53′03″W,-98.88403022
28°55′22″N,28.92289716,77°59′26″W,-77.99052833
43°45′14″N,43.75388448,105°12′46″W,-105.21291617
35°49′27″N,35.82409721,67°39′03″W,-67.6507602
26°51′44″N,26.86229489,77°21′28″W,-77.35787445
40°09′08″N,40.1523221,105°14′05″W,-105.23479265
43°55′23″N,43.92310117,69°35′27″W,-69.5907668
30°53′27″N,30.890812,92°36′52″W,-92.61455902
31°12′41″N,31.21126192,101°23′07″W,-101.38538702
26°06′54″N,26.11492064,85°20′14″W,-85.33729783
45°22′06″N,45.36821489,94°19′47″W,-94.32968783
29°43′35″N,29.72636689,119°21′50″W,-119.36389452
41°13′42″N,41.22843457,68°38′48″W,-68.64669159
29°20′11″N,29.33627657,98°56′07″W,-98.9353754
24°55′31″N,24.92532734,81°13′56″W,-81.232341
31°03′21″N,31.05582098,100°59′24″W,-100.98997345
37°46′18″N,37.77160715,87°49′58″W,-87.83289674
42°09′22″N,42.156165,122°37′08″W,-122.61894913
37°36′13″N,37.60368215,94°07′42″W,-94.12837507
45°15′09″N,45.25244604,79°59′28″W,-79.99117264
34°29′41″N,34.49481601,123°20′32″W,-123.34226731
36°37′24″N,36.62334504,79°31′03″W,-79.51760293
36°31′04″N,36.51778352,86°40′27″W,-86.67427566
43°35′42″N,43.5949709,103°57′49″W,-103.9637436
34°32′23″N,34.53967213,114°03′32″W,-114.05893005
39°13′48″N,39.2298645,69°11′24″W,-69.19011496
26°29′58″N,26.49955669,121°23′43″W,-121.39534772
32°59′48″N,32.99658812,121°03′52″W,-121.06432571
35°17′03″N,35.28411313,69°34′09″W,-69.56928335
38°10′13″N,38.17026317,69°44′08″W,-69.73558611
33°01′01″N,33.01703077,103°41′54″W,-103.69837283
47°17′34″N,47.29274774,116°20′02″W,-116.3339206
29°52′27″N,29.87406628,84°12′33″W,-84.20927134
44°00′12″N,44.0034029,122°50′47″W,-122.84630458
32°02′40″N,32.04458268,92°49′17″W,-92.82136825
42°56′06″N,42.93509193,91°58′19″W,-91.97199233
27°23′31″N,27.39189779,68°25′15″W,-68.42082882
26°06′14″N,26.10387369,79°55′13″W,-79.92037173
34°10′06″N,34.16825031,109°04′17″W,-109.07133232
39°40′56″N,39.68226701,119°42′57″W,-119.71592587
37°29′59″N,37.49984708,97°29′59″W,-97.49982261
26°13′41″N,26.22810169,87°58′22″W,-87.97272946
25°28′25″N,25.47370232,85°14′46″W,-85.24610661
34°11′10″N,34.18620958,115°23′41″W,-115.39475121
47°15′28″N,47.25774562,106°56′42″W,-106.94491178
30°45′31″N,30.75869699,109°36′44″W,-109.61221688
45°41′58″N,45.69935221,93°17′27″W,-93.29090506
34°22′11″N,34.36960374,67°17′32″W,-67.29227972
34°51′59″N,34.86631315,67°49′08″W,-67.81898303
39°43′32″N,39.72568417,79°47′41″W,-79.79474206
30°48′20″N,30.80562624,105°04′35″W,-105.07648269
41°50′04″N,41.8345295,76°18′32″W,-76.30884071
48°44′48″N,48.74676076,99°56′59″W,-99.94981707
27°26′55″N,27.4487468,82°40′10″W,-82.66955375
30°24′39″N,30.41093976,105°28′50″W,-105.48054792
33°52′10″N,33.86945977,121°39′18″W,-121.65505171
38°11′27″N,38.1907125,111°51′45″W,-111.86250621
38°03′39″N,38.06078668,81°02′59″W,-81.04981109
25°02′43″N,25.04516366,86°58′12″W,-86.96994519
43°32′35″N,43.54296663,107°01′54″W,-107.03163715
32°41′32″N,32.6923129,113°33′26″W,-113.55731226
44°54′11″N,44.90313621,122°35′37″W,-122.5936349
27°02′19″N,27.03874045,70°58′41″W,-70.97812413
38°50′56″N,38.84891234,78°27′31″W,-78.45859035
38°58′04″N,38.96774631,68°53′13″W,-68.88684336
34°10′01″N,34.16683888,115°53′10″W,-115.8860012
37°54′21″N,37.90578335,98°52′54″W,-98.88164156
47°46′12″N,47.76991921,99°22′11″W,-99.36958703
46°06′06″N,46.10163071,70°54′47″W,-70.91308046
31°28′49″N,31.48019926,115°19′46″W,-115.32943103
46°04′53″N,46.08146339,95°50′52″W,-95.84767864
28°38′19″N,28.63852677,122°36′03″W,-122.60093062
39°54′03″N,39.90091071,93°27′34″W,-93.45940669
29°17′42″N,29.29493616,118°23′32″W,-118.39225585
31°46′39″N,31.77760627,84°25′35″W,-84.42636855
37°24′26″N,37.40727717,99°43′10″W,-99.71943201
38°43′39″N,38.72740446,86°45′27″W,-86.75751337
42°57′21″N,42.95577044,108°04′02″W,-108.0673303
40°18′24″N,40.30666622,79°08′22″W,-79.13942758
38°23′17″N,38.3881619,121°54′53″W,-121.91481832
28°33′19″N,28.55527795,78°05′57″W,-78.09924088
39°50′42″N,39.84504769,80°17′22″W,-80.28956837
35°45′41″N,35.76152691,122°54′19″W,-122.9053314
32°58′16″N,32.97121824,101°47′26″W,-101.79044007
25°13′13″N,25.22040788,117°04′05″W,-117.06813809
27°58′17″N,27.97125686,110°57′31″W,-110.95850947
42°19′15″N,42.32084095,119°13′43″W,-119.22871284
41°10′58″N,41.18291244,100°35′29″W,-100.59130817
32°58′41″N,32.97819433,80°36′48″W,-80.61323001
35°20′34″N,35.3429148,80°24′41″W,-80.4114114
30°25′49″N,30.43018459,81°12′29″W,-81.20795894
35°31′35″N,35.52638473,108°52′57″W,-108.88243666
26°17′58″N,26.29950598,106°27′40″W,-106.4611194
43°38′12″N,43.63653377,67°04′06″W,-67.06834613
42°09′33″N,42.15921402,80°12′32″W,-80.20877595
27°06′32″N,27.10880207,122°46′42″W,-122.77844201
43°52′42″N,43.87842325,92°19′41″W,-92.32802742
31°20′34″N,31.34286471,101°26′45″W,-101.4458563
48°45′15″N,48.75413201,70°37′31″W,-70.6252465
46°57′03″N,46.95097002,99°39′51″W,-99.66406038
37°52′47″N,37.8798393,67°14′45″W,-67.24572356
34°50′20″N,34.83889552,78°40′24″W,-78.67339049
25°17′45″N,25.29578747,86°05′43″W,-86.09517041
33°56′41″N,33.9446707,86°12′48″W,-86.21326155
25°19′22″N,25.32285325,95°26′22″W,-95.43943736
46°53′19″N,46.88858894,120°26′40″W,-120.44445676
38°34′28″N,38.57457291,80°51′34″W,-80.85947598
26°51′05″N,26.85133978,105°36′08″W,-105.6021424
44°20′05″N,44.33482314,81°42′02″W,-81.70067644
41°49′01″N,41.81687039,107°19′55″W,-107.33188
36°56′14″N,36.93721723,123°12′50″W,-123.21389614
39°16′38″N,39.27735334,92°46′56″W,-92.78218594
31°37′41″N,31.62805555,113°44′57″W,-113.74914567
40°22′19″N,40.37202413,110°20′24″W,-110.34008696
44°10′35″N,44.17636755,91°41′40″W,-91.69453556
41°00′38″N,41.01048144,90°50′58″W,-90.84950774
36°43′20″N,36.72213492,106°21′34″W,-106.359352
42°36′50″N,42.61398122,116°02′54″W,-116.0484502
48°25′23″N,48.42301383,124°31′42″W,-124.52842586
37°05′17″N,37.08805608,71°01′32″W,-71.02560878
25°35′12″N,25.58661623,119°26′43″W,-119.44534803
26°23′15″N,26.38754296,108°29′35″W,-108.49311711
37°11′11″N,37.18635544,78°30′47″W,-78.51315603
45°56′06″N,45.93498699,87°36′29″W,-87.60803316
32°01′45″N,32.02914528,118°36′45″W,-118.61244195
25°44′06″N,25.73492707,116°25′48″W,-116.42991854
33°10′46″N,33.17946754,70°14′13″W,-70.23704415
25°11′37″N,25.19352764,118°41′28″W,-118.69110508
34°58′27″N,34.97418868,122°08′41″W,-122.14462365
38°26′26″N,38.44053908,84°43′00″W,-84.7165804
48°48′33″N,48.80908858,101°21′32″W,-101.35899216
38°43′57″N,38.7326056,92°43′26″W,-92.72394316
40°56′10″N,40.93615352,70°06′32″W,-70.10889348
37°16′40″N,37.27771956,74°22′02″W,-74.36709762
31°12′26″N,31.20729542,98°58′15″W,-98.97085895
44°33′23″N,44.5562827,99°37′58″W,-99.6327821
47°51′20″N,47.85544059,95°24′00″W,-95.40002344
29°04′53″N,29.08149604,111°22′07″W,-111.3684867
32°23′24″N,32.38999515,102°47′11″W,-102.7864238
43°07′23″N,43.12299263,80°52′21″W,-80.87245025
45°37′14″N,45.62062466,92°49′25″W,-92.82356923
36°50′15″N,36.83760738,88°03′31″W,-88.05872221
27°51′19″N,27.85533219,117°59′40″W,-117.99457605
39°46′15″N,39.77070581,102°23′03″W,-102.38411871
25°07′18″N,25.12169453,102°47′58″W,-102.79952271
29°55′25″N,29.92351387,87°41′49″W,-87.69700714
33°14′43″N,33.24527547,107°12′19″W,-107.20533464
37°02′29″N,37.04142605,93°46′40″W,-93.77786401
38°51′27″N,38.85754849,114°46′19″W,-114.7720482
45°46′36″N,45.7767968,119°19′38″W,-119.32735397
26°38′45″N,26.6458966,113°02′41″W,-113.0446081
30°57′18″N,30.95502044,110°07′43″W,-110.12856778
48°08′04″N,48.13448095,84°11′22″W,-84.18952384
46°06′08″N,46.10230499,116°04′12″W,-116.06992055
44°15′59″N,44.26625441,70°49′15″W,-70.82085207
28°06′09″N,28.10257673,122°02′23″W,-122.03973907
39°41′33″N,39.6925334,98°39′15″W,-98.65404858
35°50′28″N,35.84112277,80°59′57″W,-80.99914269
29°24′28″N,29.40764582,89°12′10″W,-89.20265652
43°44′50″N,43.74722843,119°16′06″W,-119.26829483
36°32′45″N,36.54592558,111°38′03″W,-111.63420353
27°43′39″N,27.72737886,94°53′59″W,-94.89968477
47°17′55″N,47.29847575,100°16′35″W,-100.27630202
42°29′26″N,42.49061749,85°36′15″W,-85.60415906
38°34′41″N,38.5781165,113°37′52″W,-113.63108138
42°32′30″N,42.54158622,86°03′35″W,-86.0596239
40°06′08″N,40.10233776,117°39′29″W,-117.65798218
41°52′00″N,41.86665783,120°30′47″W,-120.51303204
28°04′14″N,28.0704734,99°29′19″W,-99.48867489
29°14′14″N,29.23723334,103°40′41″W,-103.67804809
31°03′02″N,31.05069229,111°28′04″W,-111.46769724
35°57′53″N,35.96465171,106°54′37″W,-106.91016138
29°11′59″N,29.1996369,113°57′22″W,-113.95611483
45°04′52″N,45.08111825,106°26′52″W,-106.44791257
48°15′30″N,48.2583986,118°09′19″W,-118.15527282
28°47′17″N,28.78798326,104°26′34″W,-104.44276077
24°55′59″N,24.93308444,75°48′53″W,-75.81483251
30°40′16″N,30.67122722,109°47′40″W,-109.79452395
26°12′53″N,26.21469932,84°13′50″W,-84.23056624
44°43′20″N,44.72217517,77°24′27″W,-77.40742674
29°20′13″N,29.33682477,78°44′55″W,-78.74848983
45°29′08″N,45.48566634,83°26′10″W,-83.43598679
40°56′49″N,40.94700046,117°35′13″W,-117.58680617
47°35′43″N,47.59523758,96°20′51″W,-96.34755692
43°14′45″N,43.24590258,75°36′11″W,-75.60295944
33°43′29″N,33.72466989,122°21′28″W,-122.35764641
40°36′51″N,40.61420926,106°20′59″W,-106.34984687
49°08′11″N,49.13632574,94°49′27″W,-94.82422356
44°38′50″N,44.64719962,118°15′13″W,-118.25347723
35°56′11″N,35.9363629,84°58′31″W,-84.97527489
33°50′43″N,33.84541179,116°00′51″W,-116.01419078
27°22′17″N,27.37150834,90°35′59″W,-90.59987464
25°11′06″N,25.18512298,108°49′32″W,-108.82567061
38°55′57″N,38.93244635,89°25′02″W,-89.41733702
38°46′57″N,38.78253944,116°51′45″W,-116.86240118
24°52′02″N,24.86730917,92°18′07″W,-92.30198329
41°10′52″N,41.18120299,78°05′31″W,-78.09193969
48°51′04″N,48.85114667,82°10′27″W,-82.17407373
43°48′24″N,43.80678611,116°27′08″W,-116.45224118
33°23′07″N,33.38513899,102°59′09″W,-102.98579714
35°58′35″N,35.97651288,112°18′05″W,-112.30147229
35°42′38″N,35.7105788,121°27′34″W,-121.45940658
24°54′43″N,24.91200846,102°28′13″W,-102.47025131
35°37′36″N,35.62678477,108°08′50″W,-108.14722641
36°21′22″N,36.35610532,84°05′32″W,-84.09218782
44°13′57″N,44.23238767,86°12′12″W,-86.20323464
37°59′13″N,37.98699117,87°15′19″W,-87.25532373
25°13′23″N,25.2230038,88°29′29″W,-88.4914915
29°15′29″N,29.25794941,100°20′05″W,-100.33468277
32°13′58″N,32.23284844,104°33′22″W,-104.55599179
26°56′04″N,26.93434915,72°40′39″W,-72.67763097
27°21′48″N,27.363286,101°11′17″W,-101.18794355
45°56′23″N,45.93968318,91°50′04″W,-91.83455327
34°49′55″N,34.83199253,117°49′04″W,-117.8178672
36°48′38″N,36.8105149,117°14′22″W,-117.23931185
39°14′51″N,39.24739845,118°21′10″W,-118.35277277
25°22′30″N,25.3750615,85°34′27″W,-85.57403298
45°06′41″N,45.11137179,119°45′24″W,-119.75663343
26°19′51″N,26.33087551,123°26′39″W,-123.44405156
31°34′19″N,31.57206019,81°56′36″W,-81.94325872
40°05′26″N,40.09056021,102°08′41″W,-102.14476069
25°19′56″N,25.33218495,71°33′11″W,-71.55300296
38°07′21″N,38.12239835,73°42′13″W,-73.70369321
28°48′04″N,28.80106869,84°42′24″W,-84.70676746
35°46′01″N,35.76701708,87°55′10″W,-87.91935681
32°53′35″N,32.89312626,69°40′33″W,-69.67590629
38°39′16″N,38.65437839,89°54′07″W,-89.90201086
32°43′13″N,32.72032303,98°13′51″W,-98.23092259
46°15′38″N,46.26067727,89°32′55″W,-89.54859109
34°54′29″N,34.90812677,72°27′06″W,-72.4516903
32°03′14″N,32.05385754,98°37′29″W,-98.62475568
26°56′19″N,26.93854726,120°33′39″W,-120.56080385
36°41′23″N,36.68982185,105°58′13″W,-105.97027917
29°24′15″N,29.40408696,97°11′51″W,-97.19757772
32°03′09″N,32.05257032,110°25′31″W,-110.42540703
34°28′59″N,34.4831216,115°47′40″W,-115.79448208
30°49′25″N,30.82366425,70°23′50″W,-70.39732227
41°43′08″N,41.71878586,82°18′59″W,-82.31662988
48°16′33″N,48.27573708,89°37′55″W,-89.63196446
27°31′28″N,27.52439058,68°51′32″W,-68.85893785
26°15′48″N,26.26333268,84°40′54″W,-84.6817356
49°18′45″N,49.31237912,73°16′08″W,-73.26883213
49°17′22″N,49.2893754,71°03′40″W,-71.06102058
43°49′12″N,43.8201371,116°26′43″W,-116.44528012
47°02′11″N,47.03646881,99°23′59″W,-99.39961934
38°14′04″N,38.23440637,100°00′10″W,-100.00276971
25°07′17″N,25.12127182,112°29′33″W,-112.4925445
25°25′13″N,25.42015115,88°22′26″W,-88.37395439
29°48′16″N,29.80444821,72°50′41″W,-72.8448103
27°52′14″N,27.87052726,112°33′59″W,-112.56674994
43°29′49″N,43.49708121,88°22′41″W,-88.37818236
34°51′52″N,34.86431781,70°03′37″W,-70.06032138
29°49′58″N,29.83282949,115°40′34″W,-115.67605698
42°57′56″N,42.96568947,67°22′56″W,-67.38224272
32°24′30″N,32.40831299,119°47′27″W,-119.79079225
38°38′57″N,38.64902913,118°27′42″W,-118.4617156
36°15′10″N,36.25284635,86°27′53″W,-86.46458548
24°54′49″N,24.91354452,74°45′16″W,-74.75449268
29°37′56″N,29.63216511,96°49′48″W,-96.8299806
26°00′22″N,26.0062181,123°21′55″W,-123.36521691
26°57′10″N,26.95282952,84°13′54″W,-84.23177405
41°07′26″N,41.12390618,70°56′48″W,-70.94652837
39°58′26″N,39.9738382,82°20′07″W,-82.33534744
45°10′59″N,45.18303903,90°12′35″W,-90.20974175
29°40′18″N,29.67172162,82°57′31″W,-82.95860611
29°56′08″N,29.93551513,115°18′01″W,-115.30034333
34°27′42″N,34.46176429,69°34′33″W,-69.57596989
39°10′51″N,39.18079748,78°35′11″W,-78.5864863
39°34′16″N,39.57100227,77°04′09″W,-77.06927818
32°36′48″N,32.613318,77°06′01″W,-77.10040135
43°36′56″N,43.61555155,96°46′04″W,-96.7677342
33°56′03″N,33.93428573,120°35′46″W,-120.59605022
24°46′01″N,24.7668213,78°54′02″W,-78.90049622
38°57′24″N,38.95667326,107°52′06″W,-107.86845246
29°57′55″N,29.96531737,92°08′43″W,-92.14527774
39°32′28″N,39.54113005,74°01′35″W,-74.02637631
39°25′40″N,39.4276602,87°49′17″W,-87.8214832
29°07′37″N,29.12692949,82°03′18″W,-82.05506793
27°06′35″N,27.10981777,78°10′30″W,-78.1749225
40°03′04″N,40.05111963,98°34′29″W,-98.57467373
30°04′17″N,30.07129655,98°05′29″W,-98.09147644
30°07′28″N,30.12446322,67°33′05″W,-67.55128497
40°46′24″N,40.77329084,89°12′40″W,-89.21106475
33°57′16″N,33.95438924,88°46′01″W,-88.76704434
27°47′25″N,27.79039403,67°13′49″W,-67.23014777
26°28′20″N,26.47228867,84°38′11″W,-84.63635756
49°13′29″N,49.22471391,67°30′45″W,-67.51245673
32°25′03″N,32.41751164,84°25′38″W,-84.42722969
36°27′54″N,36.46507614,85°57′37″W,-85.96037964
25°40′29″N,25.67465635,82°28′32″W,-82.47567875
42°45′42″N,42.76171074,92°06′09″W,-92.1025677
43°56′23″N,43.93963947,81°07′25″W,-81.12359095
29°45′12″N,29.75345153,91°40′45″W,-91.67925846
39°47′50″N,39.79732952,124°39′55″W,-124.66539821
47°20′25″N,47.34028759,111°55′03″W,-111.91755529
43°22′23″N,43.37301901,102°06′24″W,-102.10668973
43°33′08″N,43.55217113,96°05′26″W,-96.09050374
36°15′52″N,36.26453726,89°03′35″W,-89.05972547
26°55′55″N,26.93186328,113°10′23″W,-113.17298931
36°03′19″N,36.05515106,89°44′42″W,-89.74486442
33°09′02″N,33.15056083,90°35′12″W,-90.5867291
44°43′33″N,44.72586205,77°33′23″W,-77.55628112
26°38′58″N,26.64954338,86°18′38″W,-86.31068384
37°54′12″N,37.90333187,114°53′41″W,-114.89469763
27°51′51″N,27.86425927,103°42′34″W,-103.70949063
48°31′22″N,48.52287129,101°31′17″W,-101.52136112
26°40′49″N,26.68029826,82°17′02″W,-82.28386951
39°29′03″N,39.4840381,91°59′44″W,-91.99567523
40°22′58″N,40.38286079,116°48′29″W,-116.80795066
25°46′39″N,25.77754121,108°24′44″W,-108.41235044
31°11′48″N,31.19667922,102°47′41″W,-102.79459773
